image_path,label,patient_id,split
series_0_nodule_0\slice_0.png,2,LIDC-IDRI-0001,val
series_0_nodule_0\slice_1.png,2,LIDC-IDRI-0001,val
series_0_nodule_0\slice_2.png,2,LIDC-IDRI-0001,val
series_0_nodule_0\slice_3.png,2,LIDC-IDRI-0001,val
series_0_nodule_0\slice_4.png,2,LIDC-IDRI-0001,val
series_0_nodule_0\slice_5.png,2,LIDC-IDRI-0001,val
series_0_nodule_0\slice_6.png,2,LIDC-IDRI-0001,val
series_0_nodule_0\slice_7.png,2,LIDC-IDRI-0001,val
series_2_nodule_0\slice_0.png,2,LIDC-IDRI-0003,train
series_2_nodule_0\slice_1.png,2,LIDC-IDRI-0003,train
series_2_nodule_0\slice_2.png,2,LIDC-IDRI-0003,train
series_2_nodule_0\slice_3.png,2,LIDC-IDRI-0003,train
series_2_nodule_0\slice_4.png,2,LIDC-IDRI-0003,train
series_2_nodule_0\slice_5.png,2,LIDC-IDRI-0003,train
series_2_nodule_0\slice_6.png,2,LIDC-IDRI-0003,train
series_2_nodule_1\slice_0.png,1,LIDC-IDRI-0003,train
series_2_nodule_1\slice_1.png,1,LIDC-IDRI-0003,train
series_2_nodule_1\slice_2.png,1,LIDC-IDRI-0003,train
series_2_nodule_1\slice_3.png,1,LIDC-IDRI-0003,train
series_2_nodule_2\slice_0.png,2,LIDC-IDRI-0003,train
series_2_nodule_2\slice_1.png,2,LIDC-IDRI-0003,train
series_2_nodule_2\slice_2.png,2,LIDC-IDRI-0003,train
series_2_nodule_2\slice_3.png,2,LIDC-IDRI-0003,train
series_2_nodule_2\slice_4.png,2,LIDC-IDRI-0003,train
series_3_nodule_0\slice_0.png,0,LIDC-IDRI-0004,train
series_3_nodule_0\slice_1.png,0,LIDC-IDRI-0004,train
series_3_nodule_0\slice_2.png,0,LIDC-IDRI-0004,train
series_3_nodule_0\slice_3.png,0,LIDC-IDRI-0004,train
series_4_nodule_0\slice_0.png,1,LIDC-IDRI-0005,test
series_4_nodule_0\slice_1.png,1,LIDC-IDRI-0005,test
series_4_nodule_1\slice_0.png,1,LIDC-IDRI-0005,test
series_4_nodule_1\slice_1.png,1,LIDC-IDRI-0005,test
series_4_nodule_1\slice_2.png,1,LIDC-IDRI-0005,test
series_5_nodule_0\slice_0.png,1,LIDC-IDRI-0006,train
series_5_nodule_0\slice_1.png,1,LIDC-IDRI-0006,train
series_5_nodule_1\slice_0.png,1,LIDC-IDRI-0006,train
series_5_nodule_2\slice_0.png,1,LIDC-IDRI-0006,train
series_5_nodule_2\slice_1.png,1,LIDC-IDRI-0006,train
series_5_nodule_2\slice_2.png,1,LIDC-IDRI-0006,train
series_7_nodule_0\slice_0.png,1,LIDC-IDRI-0008,val
series_7_nodule_0\slice_1.png,1,LIDC-IDRI-0008,val
series_7_nodule_1\slice_0.png,1,LIDC-IDRI-0008,val
series_7_nodule_1\slice_1.png,1,LIDC-IDRI-0008,val
series_9_nodule_0\slice_0.png,1,LIDC-IDRI-0010,train
series_9_nodule_0\slice_1.png,1,LIDC-IDRI-0010,train
series_9_nodule_0\slice_2.png,1,LIDC-IDRI-0010,train
series_9_nodule_0\slice_3.png,1,LIDC-IDRI-0010,train
series_10_nodule_0\slice_0.png,1,LIDC-IDRI-0011,val
series_10_nodule_0\slice_1.png,1,LIDC-IDRI-0011,val
series_10_nodule_0\slice_2.png,1,LIDC-IDRI-0011,val
series_10_nodule_0\slice_3.png,1,LIDC-IDRI-0011,val
series_10_nodule_1\slice_0.png,0,LIDC-IDRI-0011,val
series_10_nodule_1\slice_1.png,0,LIDC-IDRI-0011,val
series_10_nodule_2\slice_0.png,0,LIDC-IDRI-0011,val
series_10_nodule_2\slice_1.png,0,LIDC-IDRI-0011,val
series_10_nodule_2\slice_2.png,0,LIDC-IDRI-0011,val
series_10_nodule_3\slice_0.png,0,LIDC-IDRI-0011,val
series_10_nodule_3\slice_1.png,0,LIDC-IDRI-0011,val
series_10_nodule_3\slice_2.png,0,LIDC-IDRI-0011,val
series_11_nodule_0\slice_0.png,1,LIDC-IDRI-0012,train
series_11_nodule_0\slice_1.png,1,LIDC-IDRI-0012,train
series_11_nodule_0\slice_2.png,1,LIDC-IDRI-0012,train
series_11_nodule_1\slice_0.png,1,LIDC-IDRI-0012,train
series_11_nodule_1\slice_1.png,1,LIDC-IDRI-0012,train
series_11_nodule_1\slice_2.png,1,LIDC-IDRI-0012,train
series_11_nodule_1\slice_3.png,1,LIDC-IDRI-0012,train
series_11_nodule_2\slice_0.png,1,LIDC-IDRI-0012,train
series_11_nodule_2\slice_1.png,1,LIDC-IDRI-0012,train
series_11_nodule_2\slice_2.png,1,LIDC-IDRI-0012,train
series_11_nodule_3\slice_0.png,1,LIDC-IDRI-0012,train
series_11_nodule_3\slice_1.png,1,LIDC-IDRI-0012,train
series_11_nodule_3\slice_2.png,1,LIDC-IDRI-0012,train
series_11_nodule_4\slice_0.png,0,LIDC-IDRI-0012,train
series_11_nodule_4\slice_1.png,0,LIDC-IDRI-0012,train
series_11_nodule_4\slice_2.png,0,LIDC-IDRI-0012,train
series_11_nodule_4\slice_3.png,0,LIDC-IDRI-0012,train
series_11_nodule_5\slice_0.png,1,LIDC-IDRI-0012,train
series_11_nodule_5\slice_1.png,1,LIDC-IDRI-0012,train
series_11_nodule_5\slice_2.png,1,LIDC-IDRI-0012,train
series_11_nodule_6\slice_0.png,1,LIDC-IDRI-0012,train
series_11_nodule_6\slice_1.png,1,LIDC-IDRI-0012,train
series_11_nodule_6\slice_2.png,1,LIDC-IDRI-0012,train
series_11_nodule_7\slice_0.png,1,LIDC-IDRI-0012,train
series_11_nodule_7\slice_1.png,1,LIDC-IDRI-0012,train
series_11_nodule_7\slice_2.png,1,LIDC-IDRI-0012,train
series_11_nodule_8\slice_0.png,1,LIDC-IDRI-0012,train
series_11_nodule_8\slice_1.png,1,LIDC-IDRI-0012,train
series_11_nodule_8\slice_2.png,1,LIDC-IDRI-0012,train
series_11_nodule_9\slice_0.png,1,LIDC-IDRI-0012,train
series_11_nodule_9\slice_1.png,1,LIDC-IDRI-0012,train
series_11_nodule_9\slice_2.png,1,LIDC-IDRI-0012,train
series_11_nodule_9\slice_3.png,1,LIDC-IDRI-0012,train
series_11_nodule_9\slice_4.png,1,LIDC-IDRI-0012,train
series_11_nodule_10\slice_0.png,1,LIDC-IDRI-0012,train
series_11_nodule_10\slice_1.png,1,LIDC-IDRI-0012,train
series_11_nodule_10\slice_2.png,1,LIDC-IDRI-0012,train
series_12_nodule_0\slice_0.png,1,LIDC-IDRI-0013,test
series_12_nodule_0\slice_1.png,1,LIDC-IDRI-0013,test
series_12_nodule_0\slice_2.png,1,LIDC-IDRI-0013,test
series_12_nodule_0\slice_3.png,1,LIDC-IDRI-0013,test
series_12_nodule_1\slice_0.png,2,LIDC-IDRI-0013,test
series_12_nodule_1\slice_1.png,2,LIDC-IDRI-0013,test
series_12_nodule_1\slice_2.png,2,LIDC-IDRI-0013,test
series_12_nodule_1\slice_3.png,2,LIDC-IDRI-0013,test
series_12_nodule_1\slice_4.png,2,LIDC-IDRI-0013,test
series_12_nodule_1\slice_5.png,2,LIDC-IDRI-0013,test
series_12_nodule_1\slice_6.png,2,LIDC-IDRI-0013,test
series_12_nodule_1\slice_7.png,2,LIDC-IDRI-0013,test
series_12_nodule_1\slice_8.png,2,LIDC-IDRI-0013,test
series_13_nodule_0\slice_0.png,2,LIDC-IDRI-0014,train
series_13_nodule_0\slice_1.png,2,LIDC-IDRI-0014,train
series_13_nodule_0\slice_2.png,2,LIDC-IDRI-0014,train
series_13_nodule_0\slice_3.png,2,LIDC-IDRI-0014,train
series_13_nodule_0\slice_4.png,2,LIDC-IDRI-0014,train
series_15_nodule_0\slice_0.png,2,LIDC-IDRI-0016,train
series_15_nodule_0\slice_1.png,2,LIDC-IDRI-0016,train
series_15_nodule_0\slice_2.png,2,LIDC-IDRI-0016,train
series_15_nodule_0\slice_3.png,2,LIDC-IDRI-0016,train
series_15_nodule_0\slice_4.png,2,LIDC-IDRI-0016,train
series_15_nodule_1\slice_0.png,1,LIDC-IDRI-0016,train
series_15_nodule_1\slice_1.png,1,LIDC-IDRI-0016,train
series_15_nodule_1\slice_2.png,1,LIDC-IDRI-0016,train
series_15_nodule_1\slice_3.png,1,LIDC-IDRI-0016,train
series_15_nodule_2\slice_0.png,1,LIDC-IDRI-0016,train
series_15_nodule_2\slice_1.png,1,LIDC-IDRI-0016,train
series_15_nodule_2\slice_2.png,1,LIDC-IDRI-0016,train
series_15_nodule_3\slice_0.png,1,LIDC-IDRI-0016,train
series_15_nodule_3\slice_1.png,1,LIDC-IDRI-0016,train
series_15_nodule_4\slice_0.png,2,LIDC-IDRI-0016,train
series_15_nodule_4\slice_1.png,2,LIDC-IDRI-0016,train
series_15_nodule_4\slice_2.png,2,LIDC-IDRI-0016,train
series_15_nodule_4\slice_3.png,2,LIDC-IDRI-0016,train
series_15_nodule_4\slice_4.png,2,LIDC-IDRI-0016,train
series_15_nodule_4\slice_5.png,2,LIDC-IDRI-0016,train
series_16_nodule_0\slice_0.png,1,LIDC-IDRI-0017,train
series_16_nodule_0\slice_1.png,1,LIDC-IDRI-0017,train
series_16_nodule_0\slice_2.png,1,LIDC-IDRI-0017,train
series_16_nodule_0\slice_3.png,1,LIDC-IDRI-0017,train
series_16_nodule_0\slice_4.png,1,LIDC-IDRI-0017,train
series_17_nodule_0\slice_0.png,1,LIDC-IDRI-0018,train
series_17_nodule_0\slice_1.png,1,LIDC-IDRI-0018,train
series_17_nodule_1\slice_0.png,1,LIDC-IDRI-0018,train
series_17_nodule_1\slice_1.png,1,LIDC-IDRI-0018,train
series_17_nodule_1\slice_2.png,1,LIDC-IDRI-0018,train
series_17_nodule_1\slice_3.png,1,LIDC-IDRI-0018,train
series_17_nodule_2\slice_0.png,1,LIDC-IDRI-0018,train
series_17_nodule_2\slice_1.png,1,LIDC-IDRI-0018,train
series_17_nodule_3\slice_0.png,2,LIDC-IDRI-0018,train
series_17_nodule_3\slice_1.png,2,LIDC-IDRI-0018,train
series_17_nodule_3\slice_2.png,2,LIDC-IDRI-0018,train
series_17_nodule_3\slice_3.png,2,LIDC-IDRI-0018,train
series_17_nodule_3\slice_4.png,2,LIDC-IDRI-0018,train
series_17_nodule_3\slice_5.png,2,LIDC-IDRI-0018,train
series_19_nodule_0\slice_0.png,1,LIDC-IDRI-0020,train
series_19_nodule_0\slice_1.png,1,LIDC-IDRI-0020,train
series_19_nodule_0\slice_2.png,1,LIDC-IDRI-0020,train
series_19_nodule_0\slice_3.png,1,LIDC-IDRI-0020,train
series_19_nodule_0\slice_4.png,1,LIDC-IDRI-0020,train
series_19_nodule_0\slice_5.png,1,LIDC-IDRI-0020,train
series_19_nodule_1\slice_0.png,1,LIDC-IDRI-0020,train
series_19_nodule_1\slice_1.png,1,LIDC-IDRI-0020,train
series_19_nodule_1\slice_2.png,1,LIDC-IDRI-0020,train
series_19_nodule_1\slice_3.png,1,LIDC-IDRI-0020,train
series_19_nodule_1\slice_4.png,1,LIDC-IDRI-0020,train
series_19_nodule_1\slice_5.png,1,LIDC-IDRI-0020,train
series_19_nodule_1\slice_6.png,1,LIDC-IDRI-0020,train
series_20_nodule_0\slice_0.png,0,LIDC-IDRI-0021,val
series_20_nodule_0\slice_1.png,0,LIDC-IDRI-0021,val
series_20_nodule_0\slice_2.png,0,LIDC-IDRI-0021,val
series_20_nodule_0\slice_3.png,0,LIDC-IDRI-0021,val
series_20_nodule_0\slice_4.png,0,LIDC-IDRI-0021,val
series_23_nodule_0\slice_0.png,1,LIDC-IDRI-0024,val
series_23_nodule_0\slice_1.png,1,LIDC-IDRI-0024,val
series_23_nodule_1\slice_0.png,1,LIDC-IDRI-0024,val
series_23_nodule_1\slice_1.png,1,LIDC-IDRI-0024,val
series_23_nodule_1\slice_2.png,1,LIDC-IDRI-0024,val
series_23_nodule_1\slice_3.png,1,LIDC-IDRI-0024,val
series_23_nodule_1\slice_4.png,1,LIDC-IDRI-0024,val
series_23_nodule_2\slice_0.png,1,LIDC-IDRI-0024,val
series_23_nodule_2\slice_1.png,1,LIDC-IDRI-0024,val
series_23_nodule_2\slice_2.png,1,LIDC-IDRI-0024,val
series_23_nodule_3\slice_0.png,0,LIDC-IDRI-0024,val
series_23_nodule_3\slice_1.png,0,LIDC-IDRI-0024,val
series_25_nodule_0\slice_0.png,0,LIDC-IDRI-0026,test
series_25_nodule_0\slice_1.png,0,LIDC-IDRI-0026,test
series_26_nodule_0\slice_0.png,1,LIDC-IDRI-0027,train
series_26_nodule_0\slice_1.png,1,LIDC-IDRI-0027,train
series_26_nodule_0\slice_2.png,1,LIDC-IDRI-0027,train
series_26_nodule_1\slice_0.png,1,LIDC-IDRI-0027,train
series_26_nodule_1\slice_1.png,1,LIDC-IDRI-0027,train
series_26_nodule_1\slice_2.png,1,LIDC-IDRI-0027,train
series_26_nodule_2\slice_0.png,1,LIDC-IDRI-0027,train
series_26_nodule_2\slice_1.png,1,LIDC-IDRI-0027,train
series_26_nodule_3\slice_0.png,1,LIDC-IDRI-0027,train
series_26_nodule_3\slice_1.png,1,LIDC-IDRI-0027,train
series_26_nodule_3\slice_2.png,1,LIDC-IDRI-0027,train
series_26_nodule_3\slice_3.png,1,LIDC-IDRI-0027,train
series_26_nodule_4\slice_0.png,1,LIDC-IDRI-0027,train
series_26_nodule_4\slice_1.png,1,LIDC-IDRI-0027,train
series_26_nodule_5\slice_0.png,1,LIDC-IDRI-0027,train
series_26_nodule_5\slice_1.png,1,LIDC-IDRI-0027,train
series_26_nodule_5\slice_2.png,1,LIDC-IDRI-0027,train
series_26_nodule_5\slice_3.png,1,LIDC-IDRI-0027,train
series_26_nodule_5\slice_4.png,1,LIDC-IDRI-0027,train
series_29_nodule_0\slice_0.png,1,LIDC-IDRI-0030,train
series_29_nodule_0\slice_1.png,1,LIDC-IDRI-0030,train
series_29_nodule_0\slice_2.png,1,LIDC-IDRI-0030,train
series_30_nodule_0\slice_0.png,2,LIDC-IDRI-0031,train
series_30_nodule_0\slice_1.png,2,LIDC-IDRI-0031,train
series_30_nodule_0\slice_2.png,2,LIDC-IDRI-0031,train
series_30_nodule_1\slice_0.png,2,LIDC-IDRI-0031,train
series_30_nodule_1\slice_1.png,2,LIDC-IDRI-0031,train
series_30_nodule_1\slice_2.png,2,LIDC-IDRI-0031,train
series_30_nodule_1\slice_3.png,2,LIDC-IDRI-0031,train
series_30_nodule_1\slice_4.png,2,LIDC-IDRI-0031,train
series_30_nodule_1\slice_5.png,2,LIDC-IDRI-0031,train
series_30_nodule_1\slice_6.png,2,LIDC-IDRI-0031,train
series_30_nodule_1\slice_7.png,2,LIDC-IDRI-0031,train
series_30_nodule_2\slice_0.png,1,LIDC-IDRI-0031,train
series_30_nodule_2\slice_1.png,1,LIDC-IDRI-0031,train
series_30_nodule_2\slice_2.png,1,LIDC-IDRI-0031,train
series_32_nodule_0\slice_0.png,1,LIDC-IDRI-0033,train
series_32_nodule_0\slice_1.png,1,LIDC-IDRI-0033,train
series_32_nodule_0\slice_2.png,1,LIDC-IDRI-0033,train
series_33_nodule_0\slice_0.png,0,LIDC-IDRI-0034,val
series_33_nodule_0\slice_1.png,0,LIDC-IDRI-0034,val
series_33_nodule_0\slice_2.png,0,LIDC-IDRI-0034,val
series_33_nodule_0\slice_3.png,0,LIDC-IDRI-0034,val
series_35_nodule_0\slice_0.png,1,LIDC-IDRI-0036,train
series_35_nodule_0\slice_1.png,1,LIDC-IDRI-0036,train
series_35_nodule_0\slice_2.png,1,LIDC-IDRI-0036,train
series_35_nodule_0\slice_3.png,1,LIDC-IDRI-0036,train
series_35_nodule_0\slice_4.png,1,LIDC-IDRI-0036,train
series_35_nodule_0\slice_5.png,1,LIDC-IDRI-0036,train
series_36_nodule_0\slice_0.png,2,LIDC-IDRI-0037,val
series_36_nodule_0\slice_1.png,2,LIDC-IDRI-0037,val
series_36_nodule_0\slice_2.png,2,LIDC-IDRI-0037,val
series_36_nodule_0\slice_3.png,2,LIDC-IDRI-0037,val
series_36_nodule_0\slice_4.png,2,LIDC-IDRI-0037,val
series_36_nodule_0\slice_5.png,2,LIDC-IDRI-0037,val
series_38_nodule_0\slice_0.png,0,LIDC-IDRI-0039,test
series_38_nodule_0\slice_1.png,0,LIDC-IDRI-0039,test
series_38_nodule_0\slice_2.png,0,LIDC-IDRI-0039,test
series_38_nodule_0\slice_3.png,0,LIDC-IDRI-0039,test
series_38_nodule_0\slice_4.png,0,LIDC-IDRI-0039,test
series_38_nodule_1\slice_0.png,0,LIDC-IDRI-0039,test
series_38_nodule_1\slice_1.png,0,LIDC-IDRI-0039,test
series_38_nodule_1\slice_2.png,0,LIDC-IDRI-0039,test
series_38_nodule_2\slice_0.png,1,LIDC-IDRI-0039,test
series_38_nodule_2\slice_1.png,1,LIDC-IDRI-0039,test
series_38_nodule_2\slice_2.png,1,LIDC-IDRI-0039,test
series_38_nodule_2\slice_3.png,1,LIDC-IDRI-0039,test
series_38_nodule_2\slice_4.png,1,LIDC-IDRI-0039,test
series_38_nodule_2\slice_5.png,1,LIDC-IDRI-0039,test
series_38_nodule_3\slice_0.png,0,LIDC-IDRI-0039,test
series_38_nodule_3\slice_1.png,0,LIDC-IDRI-0039,test
series_38_nodule_3\slice_2.png,0,LIDC-IDRI-0039,test
series_38_nodule_4\slice_0.png,0,LIDC-IDRI-0039,test
series_38_nodule_4\slice_1.png,0,LIDC-IDRI-0039,test
series_38_nodule_4\slice_2.png,0,LIDC-IDRI-0039,test
series_39_nodule_0\slice_0.png,1,LIDC-IDRI-0040,train
series_39_nodule_0\slice_1.png,1,LIDC-IDRI-0040,train
series_40_nodule_0\slice_0.png,2,LIDC-IDRI-0041,train
series_40_nodule_0\slice_1.png,2,LIDC-IDRI-0041,train
series_40_nodule_0\slice_2.png,2,LIDC-IDRI-0041,train
series_40_nodule_0\slice_3.png,2,LIDC-IDRI-0041,train
series_40_nodule_0\slice_4.png,2,LIDC-IDRI-0041,train
series_40_nodule_0\slice_5.png,2,LIDC-IDRI-0041,train
series_40_nodule_1\slice_0.png,0,LIDC-IDRI-0041,train
series_40_nodule_1\slice_1.png,0,LIDC-IDRI-0041,train
series_40_nodule_1\slice_2.png,0,LIDC-IDRI-0041,train
series_41_nodule_0\slice_0.png,1,LIDC-IDRI-0042,train
series_41_nodule_0\slice_1.png,1,LIDC-IDRI-0042,train
series_41_nodule_1\slice_0.png,1,LIDC-IDRI-0042,train
series_41_nodule_1\slice_1.png,1,LIDC-IDRI-0042,train
series_41_nodule_1\slice_2.png,1,LIDC-IDRI-0042,train
series_41_nodule_2\slice_0.png,1,LIDC-IDRI-0042,train
series_41_nodule_2\slice_1.png,1,LIDC-IDRI-0042,train
series_41_nodule_3\slice_0.png,1,LIDC-IDRI-0042,train
series_41_nodule_3\slice_1.png,1,LIDC-IDRI-0042,train
series_41_nodule_3\slice_2.png,1,LIDC-IDRI-0042,train
series_41_nodule_4\slice_0.png,1,LIDC-IDRI-0042,train
series_41_nodule_5\slice_0.png,1,LIDC-IDRI-0042,train
series_41_nodule_5\slice_1.png,1,LIDC-IDRI-0042,train
series_42_nodule_0\slice_0.png,1,LIDC-IDRI-0043,train
series_42_nodule_0\slice_1.png,1,LIDC-IDRI-0043,train
series_42_nodule_0\slice_2.png,1,LIDC-IDRI-0043,train
series_42_nodule_1\slice_0.png,2,LIDC-IDRI-0043,train
series_42_nodule_1\slice_1.png,2,LIDC-IDRI-0043,train
series_42_nodule_1\slice_2.png,2,LIDC-IDRI-0043,train
series_42_nodule_1\slice_3.png,2,LIDC-IDRI-0043,train
series_42_nodule_1\slice_4.png,2,LIDC-IDRI-0043,train
series_42_nodule_1\slice_5.png,2,LIDC-IDRI-0043,train
series_42_nodule_2\slice_0.png,2,LIDC-IDRI-0043,train
series_42_nodule_2\slice_1.png,2,LIDC-IDRI-0043,train
series_42_nodule_2\slice_2.png,2,LIDC-IDRI-0043,train
series_42_nodule_2\slice_3.png,2,LIDC-IDRI-0043,train
series_42_nodule_2\slice_4.png,2,LIDC-IDRI-0043,train
series_42_nodule_2\slice_5.png,2,LIDC-IDRI-0043,train
series_42_nodule_2\slice_6.png,2,LIDC-IDRI-0043,train
series_43_nodule_0\slice_0.png,2,LIDC-IDRI-0044,val
series_43_nodule_0\slice_1.png,2,LIDC-IDRI-0044,val
series_43_nodule_0\slice_10.png,2,LIDC-IDRI-0044,val
series_43_nodule_0\slice_2.png,2,LIDC-IDRI-0044,val
series_43_nodule_0\slice_3.png,2,LIDC-IDRI-0044,val
series_43_nodule_0\slice_4.png,2,LIDC-IDRI-0044,val
series_43_nodule_0\slice_5.png,2,LIDC-IDRI-0044,val
series_43_nodule_0\slice_6.png,2,LIDC-IDRI-0044,val
series_43_nodule_0\slice_7.png,2,LIDC-IDRI-0044,val
series_43_nodule_0\slice_8.png,2,LIDC-IDRI-0044,val
series_43_nodule_0\slice_9.png,2,LIDC-IDRI-0044,val
series_43_nodule_1\slice_0.png,0,LIDC-IDRI-0044,val
series_43_nodule_1\slice_1.png,0,LIDC-IDRI-0044,val
series_43_nodule_1\slice_2.png,0,LIDC-IDRI-0044,val
series_43_nodule_1\slice_3.png,0,LIDC-IDRI-0044,val
series_43_nodule_1\slice_4.png,0,LIDC-IDRI-0044,val
series_43_nodule_2\slice_0.png,1,LIDC-IDRI-0044,val
series_43_nodule_2\slice_1.png,1,LIDC-IDRI-0044,val
series_43_nodule_2\slice_2.png,1,LIDC-IDRI-0044,val
series_43_nodule_2\slice_3.png,1,LIDC-IDRI-0044,val
series_43_nodule_2\slice_4.png,1,LIDC-IDRI-0044,val
series_44_nodule_0\slice_0.png,1,LIDC-IDRI-0045,test
series_44_nodule_0\slice_1.png,1,LIDC-IDRI-0045,test
series_44_nodule_0\slice_2.png,1,LIDC-IDRI-0045,test
series_44_nodule_1\slice_0.png,2,LIDC-IDRI-0045,test
series_44_nodule_1\slice_1.png,2,LIDC-IDRI-0045,test
series_44_nodule_1\slice_2.png,2,LIDC-IDRI-0045,test
series_44_nodule_2\slice_0.png,1,LIDC-IDRI-0045,test
series_44_nodule_2\slice_1.png,1,LIDC-IDRI-0045,test
series_44_nodule_2\slice_2.png,1,LIDC-IDRI-0045,test
series_44_nodule_3\slice_0.png,0,LIDC-IDRI-0045,test
series_44_nodule_3\slice_1.png,0,LIDC-IDRI-0045,test
series_44_nodule_3\slice_2.png,0,LIDC-IDRI-0045,test
series_44_nodule_4\slice_0.png,2,LIDC-IDRI-0045,test
series_44_nodule_4\slice_1.png,2,LIDC-IDRI-0045,test
series_44_nodule_4\slice_2.png,2,LIDC-IDRI-0045,test
series_44_nodule_4\slice_3.png,2,LIDC-IDRI-0045,test
series_44_nodule_4\slice_4.png,2,LIDC-IDRI-0045,test
series_44_nodule_4\slice_5.png,2,LIDC-IDRI-0045,test
series_44_nodule_4\slice_6.png,2,LIDC-IDRI-0045,test
series_44_nodule_5\slice_0.png,0,LIDC-IDRI-0045,test
series_44_nodule_5\slice_1.png,0,LIDC-IDRI-0045,test
series_44_nodule_5\slice_2.png,0,LIDC-IDRI-0045,test
series_44_nodule_5\slice_3.png,0,LIDC-IDRI-0045,test
series_44_nodule_5\slice_4.png,0,LIDC-IDRI-0045,test
series_44_nodule_6\slice_0.png,1,LIDC-IDRI-0045,test
series_44_nodule_6\slice_1.png,1,LIDC-IDRI-0045,test
series_44_nodule_6\slice_2.png,1,LIDC-IDRI-0045,test
series_44_nodule_6\slice_3.png,1,LIDC-IDRI-0045,test
series_44_nodule_7\slice_0.png,1,LIDC-IDRI-0045,test
series_44_nodule_7\slice_1.png,1,LIDC-IDRI-0045,test
series_44_nodule_7\slice_2.png,1,LIDC-IDRI-0045,test
series_44_nodule_8\slice_0.png,1,LIDC-IDRI-0045,test
series_44_nodule_8\slice_1.png,1,LIDC-IDRI-0045,test
series_44_nodule_8\slice_2.png,1,LIDC-IDRI-0045,test
series_44_nodule_8\slice_3.png,1,LIDC-IDRI-0045,test
series_44_nodule_8\slice_4.png,1,LIDC-IDRI-0045,test
series_44_nodule_9\slice_0.png,1,LIDC-IDRI-0045,test
series_44_nodule_9\slice_1.png,1,LIDC-IDRI-0045,test
series_44_nodule_9\slice_2.png,1,LIDC-IDRI-0045,test
series_45_nodule_0\slice_0.png,1,LIDC-IDRI-0046,train
series_45_nodule_0\slice_1.png,1,LIDC-IDRI-0046,train
series_45_nodule_0\slice_2.png,1,LIDC-IDRI-0046,train
series_45_nodule_1\slice_0.png,1,LIDC-IDRI-0046,train
series_45_nodule_1\slice_1.png,1,LIDC-IDRI-0046,train
series_45_nodule_2\slice_0.png,1,LIDC-IDRI-0046,train
series_45_nodule_2\slice_1.png,1,LIDC-IDRI-0046,train
series_45_nodule_3\slice_0.png,1,LIDC-IDRI-0046,train
series_45_nodule_3\slice_1.png,1,LIDC-IDRI-0046,train
series_45_nodule_3\slice_2.png,1,LIDC-IDRI-0046,train
series_45_nodule_4\slice_0.png,1,LIDC-IDRI-0046,train
series_45_nodule_4\slice_1.png,1,LIDC-IDRI-0046,train
series_45_nodule_4\slice_2.png,1,LIDC-IDRI-0046,train
series_46_nodule_0\slice_0.png,2,LIDC-IDRI-0047,test
series_46_nodule_0\slice_1.png,2,LIDC-IDRI-0047,test
series_46_nodule_0\slice_2.png,2,LIDC-IDRI-0047,test
series_46_nodule_0\slice_3.png,2,LIDC-IDRI-0047,test
series_47_nodule_0\slice_0.png,1,LIDC-IDRI-0048,train
series_47_nodule_0\slice_1.png,1,LIDC-IDRI-0048,train
series_47_nodule_0\slice_2.png,1,LIDC-IDRI-0048,train
series_48_nodule_0\slice_0.png,0,LIDC-IDRI-0049,train
series_48_nodule_0\slice_1.png,0,LIDC-IDRI-0049,train
series_48_nodule_1\slice_0.png,1,LIDC-IDRI-0049,train
series_48_nodule_1\slice_1.png,1,LIDC-IDRI-0049,train
series_48_nodule_2\slice_0.png,1,LIDC-IDRI-0049,train
series_48_nodule_2\slice_1.png,1,LIDC-IDRI-0049,train
series_48_nodule_3\slice_0.png,1,LIDC-IDRI-0049,train
series_48_nodule_3\slice_1.png,1,LIDC-IDRI-0049,train
series_48_nodule_4\slice_0.png,0,LIDC-IDRI-0049,train
series_48_nodule_4\slice_1.png,0,LIDC-IDRI-0049,train
series_48_nodule_5\slice_0.png,1,LIDC-IDRI-0049,train
series_48_nodule_5\slice_1.png,1,LIDC-IDRI-0049,train
series_48_nodule_6\slice_0.png,0,LIDC-IDRI-0049,train
series_48_nodule_6\slice_1.png,0,LIDC-IDRI-0049,train
series_48_nodule_7\slice_0.png,0,LIDC-IDRI-0049,train
series_48_nodule_7\slice_1.png,0,LIDC-IDRI-0049,train
series_48_nodule_7\slice_2.png,0,LIDC-IDRI-0049,train
series_48_nodule_8\slice_0.png,1,LIDC-IDRI-0049,train
series_48_nodule_8\slice_1.png,1,LIDC-IDRI-0049,train
series_48_nodule_8\slice_2.png,1,LIDC-IDRI-0049,train
series_48_nodule_8\slice_3.png,1,LIDC-IDRI-0049,train
series_48_nodule_9\slice_0.png,1,LIDC-IDRI-0049,train
series_48_nodule_9\slice_1.png,1,LIDC-IDRI-0049,train
series_48_nodule_9\slice_2.png,1,LIDC-IDRI-0049,train
series_49_nodule_0\slice_0.png,2,LIDC-IDRI-0050,train
series_49_nodule_0\slice_1.png,2,LIDC-IDRI-0050,train
series_49_nodule_0\slice_2.png,2,LIDC-IDRI-0050,train
series_49_nodule_0\slice_3.png,2,LIDC-IDRI-0050,train
series_49_nodule_0\slice_4.png,2,LIDC-IDRI-0050,train
series_49_nodule_0\slice_5.png,2,LIDC-IDRI-0050,train
series_49_nodule_0\slice_6.png,2,LIDC-IDRI-0050,train
series_49_nodule_0\slice_7.png,2,LIDC-IDRI-0050,train
series_49_nodule_0\slice_8.png,2,LIDC-IDRI-0050,train
series_50_nodule_0\slice_0.png,2,LIDC-IDRI-0051,train
series_50_nodule_0\slice_1.png,2,LIDC-IDRI-0051,train
series_50_nodule_0\slice_2.png,2,LIDC-IDRI-0051,train
series_50_nodule_0\slice_3.png,2,LIDC-IDRI-0051,train
series_50_nodule_0\slice_4.png,2,LIDC-IDRI-0051,train
series_50_nodule_1\slice_0.png,1,LIDC-IDRI-0051,train
series_50_nodule_1\slice_1.png,1,LIDC-IDRI-0051,train
series_50_nodule_1\slice_2.png,1,LIDC-IDRI-0051,train
series_50_nodule_1\slice_3.png,1,LIDC-IDRI-0051,train
series_50_nodule_1\slice_4.png,1,LIDC-IDRI-0051,train
series_50_nodule_1\slice_5.png,1,LIDC-IDRI-0051,train
series_51_nodule_0\slice_0.png,1,LIDC-IDRI-0052,train
series_51_nodule_0\slice_1.png,1,LIDC-IDRI-0052,train
series_51_nodule_0\slice_2.png,1,LIDC-IDRI-0052,train
series_51_nodule_0\slice_3.png,1,LIDC-IDRI-0052,train
series_51_nodule_0\slice_4.png,1,LIDC-IDRI-0052,train
series_51_nodule_0\slice_5.png,1,LIDC-IDRI-0052,train
series_51_nodule_0\slice_6.png,1,LIDC-IDRI-0052,train
series_51_nodule_0\slice_7.png,1,LIDC-IDRI-0052,train
series_52_nodule_0\slice_0.png,2,LIDC-IDRI-0053,test
series_52_nodule_0\slice_1.png,2,LIDC-IDRI-0053,test
series_52_nodule_0\slice_2.png,2,LIDC-IDRI-0053,test
series_52_nodule_0\slice_3.png,2,LIDC-IDRI-0053,test
series_52_nodule_0\slice_4.png,2,LIDC-IDRI-0053,test
series_52_nodule_0\slice_5.png,2,LIDC-IDRI-0053,test
series_52_nodule_0\slice_6.png,2,LIDC-IDRI-0053,test
series_52_nodule_0\slice_7.png,2,LIDC-IDRI-0053,test
series_52_nodule_0\slice_8.png,2,LIDC-IDRI-0053,test
series_52_nodule_1\slice_0.png,1,LIDC-IDRI-0053,test
series_52_nodule_1\slice_1.png,1,LIDC-IDRI-0053,test
series_52_nodule_1\slice_2.png,1,LIDC-IDRI-0053,test
series_52_nodule_2\slice_0.png,1,LIDC-IDRI-0053,test
series_52_nodule_2\slice_1.png,1,LIDC-IDRI-0053,test
series_52_nodule_2\slice_2.png,1,LIDC-IDRI-0053,test
series_52_nodule_2\slice_3.png,1,LIDC-IDRI-0053,test
series_53_nodule_0\slice_0.png,2,LIDC-IDRI-0054,train
series_53_nodule_0\slice_1.png,2,LIDC-IDRI-0054,train
series_53_nodule_0\slice_2.png,2,LIDC-IDRI-0054,train
series_53_nodule_0\slice_3.png,2,LIDC-IDRI-0054,train
series_53_nodule_0\slice_4.png,2,LIDC-IDRI-0054,train
series_53_nodule_0\slice_5.png,2,LIDC-IDRI-0054,train
series_53_nodule_1\slice_0.png,1,LIDC-IDRI-0054,train
series_53_nodule_1\slice_1.png,1,LIDC-IDRI-0054,train
series_53_nodule_1\slice_2.png,1,LIDC-IDRI-0054,train
series_53_nodule_1\slice_3.png,1,LIDC-IDRI-0054,train
series_53_nodule_1\slice_4.png,1,LIDC-IDRI-0054,train
series_53_nodule_1\slice_5.png,1,LIDC-IDRI-0054,train
series_53_nodule_1\slice_6.png,1,LIDC-IDRI-0054,train
series_54_nodule_0\slice_0.png,1,LIDC-IDRI-0055,train
series_54_nodule_0\slice_1.png,1,LIDC-IDRI-0055,train
series_54_nodule_1\slice_0.png,1,LIDC-IDRI-0055,train
series_54_nodule_1\slice_1.png,1,LIDC-IDRI-0055,train
series_54_nodule_1\slice_2.png,1,LIDC-IDRI-0055,train
series_54_nodule_2\slice_0.png,2,LIDC-IDRI-0055,train
series_54_nodule_2\slice_1.png,2,LIDC-IDRI-0055,train
series_54_nodule_2\slice_2.png,2,LIDC-IDRI-0055,train
series_54_nodule_2\slice_3.png,2,LIDC-IDRI-0055,train
series_55_nodule_0\slice_0.png,1,LIDC-IDRI-0056,test
series_55_nodule_0\slice_1.png,1,LIDC-IDRI-0056,test
series_55_nodule_0\slice_2.png,1,LIDC-IDRI-0056,test
series_55_nodule_0\slice_3.png,1,LIDC-IDRI-0056,test
series_55_nodule_0\slice_4.png,1,LIDC-IDRI-0056,test
series_55_nodule_0\slice_5.png,1,LIDC-IDRI-0056,test
series_55_nodule_0\slice_6.png,1,LIDC-IDRI-0056,test
series_55_nodule_0\slice_7.png,1,LIDC-IDRI-0056,test
series_55_nodule_1\slice_0.png,1,LIDC-IDRI-0056,test
series_55_nodule_1\slice_1.png,1,LIDC-IDRI-0056,test
series_55_nodule_1\slice_2.png,1,LIDC-IDRI-0056,test
series_55_nodule_2\slice_0.png,1,LIDC-IDRI-0056,test
series_55_nodule_2\slice_1.png,1,LIDC-IDRI-0056,test
series_56_nodule_0\slice_0.png,2,LIDC-IDRI-0057,train
series_56_nodule_0\slice_1.png,2,LIDC-IDRI-0057,train
series_56_nodule_0\slice_10.png,2,LIDC-IDRI-0057,train
series_56_nodule_0\slice_11.png,2,LIDC-IDRI-0057,train
series_56_nodule_0\slice_12.png,2,LIDC-IDRI-0057,train
series_56_nodule_0\slice_13.png,2,LIDC-IDRI-0057,train
series_56_nodule_0\slice_14.png,2,LIDC-IDRI-0057,train
series_56_nodule_0\slice_15.png,2,LIDC-IDRI-0057,train
series_56_nodule_0\slice_16.png,2,LIDC-IDRI-0057,train
series_56_nodule_0\slice_17.png,2,LIDC-IDRI-0057,train
series_56_nodule_0\slice_18.png,2,LIDC-IDRI-0057,train
series_56_nodule_0\slice_19.png,2,LIDC-IDRI-0057,train
series_56_nodule_0\slice_2.png,2,LIDC-IDRI-0057,train
series_56_nodule_0\slice_20.png,2,LIDC-IDRI-0057,train
series_56_nodule_0\slice_21.png,2,LIDC-IDRI-0057,train
series_56_nodule_0\slice_3.png,2,LIDC-IDRI-0057,train
series_56_nodule_0\slice_4.png,2,LIDC-IDRI-0057,train
series_56_nodule_0\slice_5.png,2,LIDC-IDRI-0057,train
series_56_nodule_0\slice_6.png,2,LIDC-IDRI-0057,train
series_56_nodule_0\slice_7.png,2,LIDC-IDRI-0057,train
series_56_nodule_0\slice_8.png,2,LIDC-IDRI-0057,train
series_56_nodule_0\slice_9.png,2,LIDC-IDRI-0057,train
series_57_nodule_0\slice_0.png,1,LIDC-IDRI-0058,train
series_57_nodule_0\slice_1.png,1,LIDC-IDRI-0058,train
series_57_nodule_0\slice_2.png,1,LIDC-IDRI-0058,train
series_57_nodule_0\slice_3.png,1,LIDC-IDRI-0058,train
series_57_nodule_0\slice_4.png,1,LIDC-IDRI-0058,train
series_57_nodule_0\slice_5.png,1,LIDC-IDRI-0058,train
series_57_nodule_0\slice_6.png,1,LIDC-IDRI-0058,train
series_57_nodule_0\slice_7.png,1,LIDC-IDRI-0058,train
series_58_nodule_0\slice_0.png,2,LIDC-IDRI-0059,test
series_58_nodule_0\slice_1.png,2,LIDC-IDRI-0059,test
series_58_nodule_0\slice_2.png,2,LIDC-IDRI-0059,test
series_58_nodule_0\slice_3.png,2,LIDC-IDRI-0059,test
series_59_nodule_0\slice_0.png,2,LIDC-IDRI-0060,test
series_59_nodule_0\slice_1.png,2,LIDC-IDRI-0060,test
series_59_nodule_0\slice_2.png,2,LIDC-IDRI-0060,test
series_59_nodule_0\slice_3.png,2,LIDC-IDRI-0060,test
series_59_nodule_0\slice_4.png,2,LIDC-IDRI-0060,test
series_60_nodule_0\slice_0.png,2,LIDC-IDRI-0061,train
series_60_nodule_0\slice_1.png,2,LIDC-IDRI-0061,train
series_60_nodule_0\slice_2.png,2,LIDC-IDRI-0061,train
series_60_nodule_0\slice_3.png,2,LIDC-IDRI-0061,train
series_60_nodule_0\slice_4.png,2,LIDC-IDRI-0061,train
series_60_nodule_1\slice_0.png,1,LIDC-IDRI-0061,train
series_60_nodule_1\slice_1.png,1,LIDC-IDRI-0061,train
series_60_nodule_1\slice_2.png,1,LIDC-IDRI-0061,train
series_60_nodule_1\slice_3.png,1,LIDC-IDRI-0061,train
series_60_nodule_2\slice_0.png,1,LIDC-IDRI-0061,train
series_60_nodule_2\slice_1.png,1,LIDC-IDRI-0061,train
series_60_nodule_2\slice_2.png,1,LIDC-IDRI-0061,train
series_60_nodule_3\slice_0.png,1,LIDC-IDRI-0061,train
series_60_nodule_4\slice_0.png,1,LIDC-IDRI-0061,train
series_60_nodule_4\slice_1.png,1,LIDC-IDRI-0061,train
series_60_nodule_4\slice_2.png,1,LIDC-IDRI-0061,train
series_60_nodule_4\slice_3.png,1,LIDC-IDRI-0061,train
series_60_nodule_4\slice_4.png,1,LIDC-IDRI-0061,train
series_60_nodule_4\slice_5.png,1,LIDC-IDRI-0061,train
series_60_nodule_5\slice_0.png,1,LIDC-IDRI-0061,train
series_60_nodule_5\slice_1.png,1,LIDC-IDRI-0061,train
series_60_nodule_5\slice_10.png,1,LIDC-IDRI-0061,train
series_60_nodule_5\slice_11.png,1,LIDC-IDRI-0061,train
series_60_nodule_5\slice_12.png,1,LIDC-IDRI-0061,train
series_60_nodule_5\slice_13.png,1,LIDC-IDRI-0061,train
series_60_nodule_5\slice_14.png,1,LIDC-IDRI-0061,train
series_60_nodule_5\slice_2.png,1,LIDC-IDRI-0061,train
series_60_nodule_5\slice_3.png,1,LIDC-IDRI-0061,train
series_60_nodule_5\slice_4.png,1,LIDC-IDRI-0061,train
series_60_nodule_5\slice_5.png,1,LIDC-IDRI-0061,train
series_60_nodule_5\slice_6.png,1,LIDC-IDRI-0061,train
series_60_nodule_5\slice_7.png,1,LIDC-IDRI-0061,train
series_60_nodule_5\slice_8.png,1,LIDC-IDRI-0061,train
series_60_nodule_5\slice_9.png,1,LIDC-IDRI-0061,train
series_62_nodule_0\slice_0.png,1,LIDC-IDRI-0063,train
series_62_nodule_0\slice_1.png,1,LIDC-IDRI-0063,train
series_62_nodule_0\slice_2.png,1,LIDC-IDRI-0063,train
series_62_nodule_0\slice_3.png,1,LIDC-IDRI-0063,train
series_62_nodule_1\slice_0.png,2,LIDC-IDRI-0063,train
series_62_nodule_1\slice_1.png,2,LIDC-IDRI-0063,train
series_62_nodule_1\slice_2.png,2,LIDC-IDRI-0063,train
series_62_nodule_1\slice_3.png,2,LIDC-IDRI-0063,train
series_62_nodule_1\slice_4.png,2,LIDC-IDRI-0063,train
series_62_nodule_1\slice_5.png,2,LIDC-IDRI-0063,train
series_62_nodule_2\slice_0.png,1,LIDC-IDRI-0063,train
series_62_nodule_2\slice_1.png,1,LIDC-IDRI-0063,train
series_62_nodule_2\slice_2.png,1,LIDC-IDRI-0063,train
series_63_nodule_0\slice_0.png,1,LIDC-IDRI-0064,train
series_63_nodule_0\slice_1.png,1,LIDC-IDRI-0064,train
series_63_nodule_0\slice_2.png,1,LIDC-IDRI-0064,train
series_63_nodule_0\slice_3.png,1,LIDC-IDRI-0064,train
series_63_nodule_0\slice_4.png,1,LIDC-IDRI-0064,train
series_63_nodule_0\slice_5.png,1,LIDC-IDRI-0064,train
series_63_nodule_0\slice_6.png,1,LIDC-IDRI-0064,train
series_63_nodule_0\slice_7.png,1,LIDC-IDRI-0064,train
series_63_nodule_0\slice_8.png,1,LIDC-IDRI-0064,train
series_63_nodule_0\slice_9.png,1,LIDC-IDRI-0064,train
series_63_nodule_1\slice_0.png,2,LIDC-IDRI-0064,train
series_63_nodule_1\slice_1.png,2,LIDC-IDRI-0064,train
series_63_nodule_1\slice_2.png,2,LIDC-IDRI-0064,train
series_63_nodule_1\slice_3.png,2,LIDC-IDRI-0064,train
series_63_nodule_1\slice_4.png,2,LIDC-IDRI-0064,train
series_63_nodule_1\slice_5.png,2,LIDC-IDRI-0064,train
series_63_nodule_1\slice_6.png,2,LIDC-IDRI-0064,train
series_63_nodule_1\slice_7.png,2,LIDC-IDRI-0064,train
series_63_nodule_1\slice_8.png,2,LIDC-IDRI-0064,train
series_64_nodule_0\slice_0.png,1,LIDC-IDRI-0065,train
series_64_nodule_0\slice_1.png,1,LIDC-IDRI-0065,train
series_65_nodule_0\slice_0.png,1,LIDC-IDRI-0066,train
series_65_nodule_0\slice_1.png,1,LIDC-IDRI-0066,train
series_65_nodule_0\slice_10.png,1,LIDC-IDRI-0066,train
series_65_nodule_0\slice_2.png,1,LIDC-IDRI-0066,train
series_65_nodule_0\slice_3.png,1,LIDC-IDRI-0066,train
series_65_nodule_0\slice_4.png,1,LIDC-IDRI-0066,train
series_65_nodule_0\slice_5.png,1,LIDC-IDRI-0066,train
series_65_nodule_0\slice_6.png,1,LIDC-IDRI-0066,train
series_65_nodule_0\slice_7.png,1,LIDC-IDRI-0066,train
series_65_nodule_0\slice_8.png,1,LIDC-IDRI-0066,train
series_65_nodule_0\slice_9.png,1,LIDC-IDRI-0066,train
series_65_nodule_1\slice_0.png,1,LIDC-IDRI-0066,train
series_65_nodule_1\slice_1.png,1,LIDC-IDRI-0066,train
series_65_nodule_1\slice_2.png,1,LIDC-IDRI-0066,train
series_65_nodule_1\slice_3.png,1,LIDC-IDRI-0066,train
series_66_nodule_0\slice_0.png,1,LIDC-IDRI-0067,train
series_66_nodule_0\slice_1.png,1,LIDC-IDRI-0067,train
series_66_nodule_0\slice_2.png,1,LIDC-IDRI-0067,train
series_66_nodule_0\slice_3.png,1,LIDC-IDRI-0067,train
series_66_nodule_1\slice_0.png,1,LIDC-IDRI-0067,train
series_66_nodule_1\slice_1.png,1,LIDC-IDRI-0067,train
series_66_nodule_1\slice_2.png,1,LIDC-IDRI-0067,train
series_66_nodule_1\slice_3.png,1,LIDC-IDRI-0067,train
series_66_nodule_1\slice_4.png,1,LIDC-IDRI-0067,train
series_66_nodule_2\slice_0.png,0,LIDC-IDRI-0067,train
series_66_nodule_2\slice_1.png,0,LIDC-IDRI-0067,train
series_66_nodule_2\slice_2.png,0,LIDC-IDRI-0067,train
series_66_nodule_3\slice_0.png,2,LIDC-IDRI-0067,train
series_66_nodule_3\slice_1.png,2,LIDC-IDRI-0067,train
series_66_nodule_3\slice_2.png,2,LIDC-IDRI-0067,train
series_66_nodule_3\slice_3.png,2,LIDC-IDRI-0067,train
series_66_nodule_3\slice_4.png,2,LIDC-IDRI-0067,train
series_66_nodule_3\slice_5.png,2,LIDC-IDRI-0067,train
series_66_nodule_3\slice_6.png,2,LIDC-IDRI-0067,train
series_66_nodule_3\slice_7.png,2,LIDC-IDRI-0067,train
series_66_nodule_3\slice_8.png,2,LIDC-IDRI-0067,train
series_67_nodule_0\slice_0.png,1,LIDC-IDRI-0068,train
series_67_nodule_0\slice_1.png,1,LIDC-IDRI-0068,train
series_67_nodule_0\slice_2.png,1,LIDC-IDRI-0068,train
series_67_nodule_0\slice_3.png,1,LIDC-IDRI-0068,train
series_67_nodule_0\slice_4.png,1,LIDC-IDRI-0068,train
series_67_nodule_0\slice_5.png,1,LIDC-IDRI-0068,train
series_67_nodule_1\slice_0.png,1,LIDC-IDRI-0068,train
series_67_nodule_1\slice_1.png,1,LIDC-IDRI-0068,train
series_67_nodule_1\slice_2.png,1,LIDC-IDRI-0068,train
series_67_nodule_1\slice_3.png,1,LIDC-IDRI-0068,train
series_67_nodule_1\slice_4.png,1,LIDC-IDRI-0068,train
series_67_nodule_2\slice_0.png,2,LIDC-IDRI-0068,train
series_67_nodule_2\slice_1.png,2,LIDC-IDRI-0068,train
series_67_nodule_2\slice_2.png,2,LIDC-IDRI-0068,train
series_67_nodule_2\slice_3.png,2,LIDC-IDRI-0068,train
series_67_nodule_2\slice_4.png,2,LIDC-IDRI-0068,train
series_67_nodule_2\slice_5.png,2,LIDC-IDRI-0068,train
series_67_nodule_2\slice_6.png,2,LIDC-IDRI-0068,train
series_67_nodule_2\slice_7.png,2,LIDC-IDRI-0068,train
series_67_nodule_3\slice_0.png,1,LIDC-IDRI-0068,train
series_67_nodule_3\slice_1.png,1,LIDC-IDRI-0068,train
series_67_nodule_3\slice_2.png,1,LIDC-IDRI-0068,train
series_67_nodule_4\slice_0.png,2,LIDC-IDRI-0068,train
series_67_nodule_4\slice_1.png,2,LIDC-IDRI-0068,train
series_67_nodule_4\slice_2.png,2,LIDC-IDRI-0068,train
series_67_nodule_4\slice_3.png,2,LIDC-IDRI-0068,train
series_67_nodule_4\slice_4.png,2,LIDC-IDRI-0068,train
series_67_nodule_4\slice_5.png,2,LIDC-IDRI-0068,train
series_67_nodule_5\slice_0.png,2,LIDC-IDRI-0068,train
series_67_nodule_5\slice_1.png,2,LIDC-IDRI-0068,train
series_67_nodule_5\slice_2.png,2,LIDC-IDRI-0068,train
series_67_nodule_5\slice_3.png,2,LIDC-IDRI-0068,train
series_67_nodule_5\slice_4.png,2,LIDC-IDRI-0068,train
series_67_nodule_5\slice_5.png,2,LIDC-IDRI-0068,train
series_67_nodule_5\slice_6.png,2,LIDC-IDRI-0068,train
series_67_nodule_6\slice_0.png,1,LIDC-IDRI-0068,train
series_67_nodule_6\slice_1.png,1,LIDC-IDRI-0068,train
series_67_nodule_6\slice_2.png,1,LIDC-IDRI-0068,train
series_67_nodule_6\slice_3.png,1,LIDC-IDRI-0068,train
series_67_nodule_6\slice_4.png,1,LIDC-IDRI-0068,train
series_67_nodule_7\slice_0.png,1,LIDC-IDRI-0068,train
series_67_nodule_7\slice_1.png,1,LIDC-IDRI-0068,train
series_67_nodule_7\slice_2.png,1,LIDC-IDRI-0068,train
series_67_nodule_7\slice_3.png,1,LIDC-IDRI-0068,train
series_68_nodule_0\slice_0.png,1,LIDC-IDRI-0070,train
series_68_nodule_0\slice_1.png,1,LIDC-IDRI-0070,train
series_68_nodule_1\slice_0.png,1,LIDC-IDRI-0070,train
series_68_nodule_1\slice_1.png,1,LIDC-IDRI-0070,train
series_68_nodule_2\slice_0.png,0,LIDC-IDRI-0070,train
series_71_nodule_0\slice_0.png,1,LIDC-IDRI-0073,test
series_71_nodule_0\slice_1.png,1,LIDC-IDRI-0073,test
series_71_nodule_1\slice_0.png,1,LIDC-IDRI-0073,test
series_71_nodule_1\slice_1.png,1,LIDC-IDRI-0073,test
series_71_nodule_1\slice_2.png,1,LIDC-IDRI-0073,test
series_71_nodule_1\slice_3.png,1,LIDC-IDRI-0073,test
series_71_nodule_1\slice_4.png,1,LIDC-IDRI-0073,test
series_72_nodule_0\slice_0.png,1,LIDC-IDRI-0074,test
series_72_nodule_0\slice_1.png,1,LIDC-IDRI-0074,test
series_72_nodule_0\slice_2.png,1,LIDC-IDRI-0074,test
series_72_nodule_0\slice_3.png,1,LIDC-IDRI-0074,test
series_72_nodule_0\slice_4.png,1,LIDC-IDRI-0074,test
series_72_nodule_0\slice_5.png,1,LIDC-IDRI-0074,test
series_73_nodule_0\slice_0.png,1,LIDC-IDRI-0075,val
series_73_nodule_0\slice_1.png,1,LIDC-IDRI-0075,val
series_73_nodule_0\slice_2.png,1,LIDC-IDRI-0075,val
series_73_nodule_0\slice_3.png,1,LIDC-IDRI-0075,val
series_73_nodule_0\slice_4.png,1,LIDC-IDRI-0075,val
series_73_nodule_0\slice_5.png,1,LIDC-IDRI-0075,val
series_74_nodule_0\slice_0.png,1,LIDC-IDRI-0076,train
series_74_nodule_0\slice_1.png,1,LIDC-IDRI-0076,train
series_74_nodule_0\slice_2.png,1,LIDC-IDRI-0076,train
series_74_nodule_0\slice_3.png,1,LIDC-IDRI-0076,train
series_74_nodule_0\slice_4.png,1,LIDC-IDRI-0076,train
series_74_nodule_0\slice_5.png,1,LIDC-IDRI-0076,train
series_74_nodule_1\slice_0.png,1,LIDC-IDRI-0076,train
series_74_nodule_1\slice_1.png,1,LIDC-IDRI-0076,train
series_74_nodule_1\slice_2.png,1,LIDC-IDRI-0076,train
series_74_nodule_1\slice_3.png,1,LIDC-IDRI-0076,train
series_74_nodule_1\slice_4.png,1,LIDC-IDRI-0076,train
series_74_nodule_1\slice_5.png,1,LIDC-IDRI-0076,train
series_75_nodule_0\slice_0.png,2,LIDC-IDRI-0077,train
series_75_nodule_0\slice_1.png,2,LIDC-IDRI-0077,train
series_75_nodule_0\slice_2.png,2,LIDC-IDRI-0077,train
series_75_nodule_0\slice_3.png,2,LIDC-IDRI-0077,train
series_75_nodule_0\slice_4.png,2,LIDC-IDRI-0077,train
series_75_nodule_0\slice_5.png,2,LIDC-IDRI-0077,train
series_75_nodule_0\slice_6.png,2,LIDC-IDRI-0077,train
series_75_nodule_0\slice_7.png,2,LIDC-IDRI-0077,train
series_75_nodule_0\slice_8.png,2,LIDC-IDRI-0077,train
series_75_nodule_0\slice_9.png,2,LIDC-IDRI-0077,train
series_76_nodule_0\slice_0.png,2,LIDC-IDRI-0080,test
series_76_nodule_0\slice_1.png,2,LIDC-IDRI-0080,test
series_76_nodule_0\slice_10.png,2,LIDC-IDRI-0080,test
series_76_nodule_0\slice_11.png,2,LIDC-IDRI-0080,test
series_76_nodule_0\slice_12.png,2,LIDC-IDRI-0080,test
series_76_nodule_0\slice_13.png,2,LIDC-IDRI-0080,test
series_76_nodule_0\slice_14.png,2,LIDC-IDRI-0080,test
series_76_nodule_0\slice_15.png,2,LIDC-IDRI-0080,test
series_76_nodule_0\slice_2.png,2,LIDC-IDRI-0080,test
series_76_nodule_0\slice_3.png,2,LIDC-IDRI-0080,test
series_76_nodule_0\slice_4.png,2,LIDC-IDRI-0080,test
series_76_nodule_0\slice_5.png,2,LIDC-IDRI-0080,test
series_76_nodule_0\slice_6.png,2,LIDC-IDRI-0080,test
series_76_nodule_0\slice_7.png,2,LIDC-IDRI-0080,test
series_76_nodule_0\slice_8.png,2,LIDC-IDRI-0080,test
series_76_nodule_0\slice_9.png,2,LIDC-IDRI-0080,test
series_77_nodule_0\slice_0.png,1,LIDC-IDRI-0081,train
series_77_nodule_0\slice_1.png,1,LIDC-IDRI-0081,train
series_77_nodule_0\slice_2.png,1,LIDC-IDRI-0081,train
series_77_nodule_0\slice_3.png,1,LIDC-IDRI-0081,train
series_77_nodule_0\slice_4.png,1,LIDC-IDRI-0081,train
series_77_nodule_0\slice_5.png,1,LIDC-IDRI-0081,train
series_77_nodule_0\slice_6.png,1,LIDC-IDRI-0081,train
series_77_nodule_0\slice_7.png,1,LIDC-IDRI-0081,train
series_77_nodule_0\slice_8.png,1,LIDC-IDRI-0081,train
series_77_nodule_1\slice_0.png,1,LIDC-IDRI-0081,train
series_77_nodule_1\slice_1.png,1,LIDC-IDRI-0081,train
series_77_nodule_1\slice_2.png,1,LIDC-IDRI-0081,train
series_77_nodule_1\slice_3.png,1,LIDC-IDRI-0081,train
series_79_nodule_0\slice_0.png,1,LIDC-IDRI-0083,train
series_79_nodule_0\slice_1.png,1,LIDC-IDRI-0083,train
series_79_nodule_0\slice_2.png,1,LIDC-IDRI-0083,train
series_79_nodule_1\slice_0.png,1,LIDC-IDRI-0083,train
series_79_nodule_1\slice_1.png,1,LIDC-IDRI-0083,train
series_79_nodule_1\slice_2.png,1,LIDC-IDRI-0083,train
series_79_nodule_1\slice_3.png,1,LIDC-IDRI-0083,train
series_80_nodule_0\slice_0.png,0,LIDC-IDRI-0085,test
series_80_nodule_0\slice_1.png,0,LIDC-IDRI-0085,test
series_82_nodule_0\slice_0.png,2,LIDC-IDRI-0087,train
series_82_nodule_0\slice_1.png,2,LIDC-IDRI-0087,train
series_82_nodule_0\slice_2.png,2,LIDC-IDRI-0087,train
series_82_nodule_0\slice_3.png,2,LIDC-IDRI-0087,train
series_82_nodule_0\slice_4.png,2,LIDC-IDRI-0087,train
series_82_nodule_0\slice_5.png,2,LIDC-IDRI-0087,train
series_82_nodule_0\slice_6.png,2,LIDC-IDRI-0087,train
series_82_nodule_0\slice_7.png,2,LIDC-IDRI-0087,train
series_83_nodule_0\slice_0.png,1,LIDC-IDRI-0088,train
series_83_nodule_0\slice_1.png,1,LIDC-IDRI-0088,train
series_83_nodule_0\slice_2.png,1,LIDC-IDRI-0088,train
series_83_nodule_1\slice_0.png,0,LIDC-IDRI-0088,train
series_83_nodule_1\slice_1.png,0,LIDC-IDRI-0088,train
series_83_nodule_1\slice_2.png,0,LIDC-IDRI-0088,train
series_83_nodule_1\slice_3.png,0,LIDC-IDRI-0088,train
series_84_nodule_0\slice_0.png,2,LIDC-IDRI-0089,val
series_84_nodule_0\slice_1.png,2,LIDC-IDRI-0089,val
series_84_nodule_0\slice_2.png,2,LIDC-IDRI-0089,val
series_84_nodule_0\slice_3.png,2,LIDC-IDRI-0089,val
series_84_nodule_0\slice_4.png,2,LIDC-IDRI-0089,val
series_84_nodule_0\slice_5.png,2,LIDC-IDRI-0089,val
series_84_nodule_0\slice_6.png,2,LIDC-IDRI-0089,val
series_84_nodule_0\slice_7.png,2,LIDC-IDRI-0089,val
series_84_nodule_0\slice_8.png,2,LIDC-IDRI-0089,val
series_84_nodule_0\slice_9.png,2,LIDC-IDRI-0089,val
series_85_nodule_0\slice_0.png,1,LIDC-IDRI-0090,train
series_85_nodule_0\slice_1.png,1,LIDC-IDRI-0090,train
series_85_nodule_0\slice_2.png,1,LIDC-IDRI-0090,train
series_86_nodule_0\slice_0.png,1,LIDC-IDRI-0091,train
series_86_nodule_0\slice_1.png,1,LIDC-IDRI-0091,train
series_86_nodule_0\slice_2.png,1,LIDC-IDRI-0091,train
series_86_nodule_0\slice_3.png,1,LIDC-IDRI-0091,train
series_86_nodule_0\slice_4.png,1,LIDC-IDRI-0091,train
series_87_nodule_0\slice_0.png,0,LIDC-IDRI-0092,train
series_87_nodule_0\slice_1.png,0,LIDC-IDRI-0092,train
series_87_nodule_0\slice_2.png,0,LIDC-IDRI-0092,train
series_88_nodule_0\slice_0.png,1,LIDC-IDRI-0093,train
series_88_nodule_0\slice_1.png,1,LIDC-IDRI-0093,train
series_88_nodule_0\slice_2.png,1,LIDC-IDRI-0093,train
series_90_nodule_0\slice_0.png,1,LIDC-IDRI-0095,train
series_90_nodule_0\slice_1.png,1,LIDC-IDRI-0095,train
series_90_nodule_0\slice_10.png,1,LIDC-IDRI-0095,train
series_90_nodule_0\slice_11.png,1,LIDC-IDRI-0095,train
series_90_nodule_0\slice_12.png,1,LIDC-IDRI-0095,train
series_90_nodule_0\slice_13.png,1,LIDC-IDRI-0095,train
series_90_nodule_0\slice_14.png,1,LIDC-IDRI-0095,train
series_90_nodule_0\slice_15.png,1,LIDC-IDRI-0095,train
series_90_nodule_0\slice_16.png,1,LIDC-IDRI-0095,train
series_90_nodule_0\slice_2.png,1,LIDC-IDRI-0095,train
series_90_nodule_0\slice_3.png,1,LIDC-IDRI-0095,train
series_90_nodule_0\slice_4.png,1,LIDC-IDRI-0095,train
series_90_nodule_0\slice_5.png,1,LIDC-IDRI-0095,train
series_90_nodule_0\slice_6.png,1,LIDC-IDRI-0095,train
series_90_nodule_0\slice_7.png,1,LIDC-IDRI-0095,train
series_90_nodule_0\slice_8.png,1,LIDC-IDRI-0095,train
series_90_nodule_0\slice_9.png,1,LIDC-IDRI-0095,train
series_90_nodule_1\slice_0.png,2,LIDC-IDRI-0095,train
series_90_nodule_1\slice_1.png,2,LIDC-IDRI-0095,train
series_90_nodule_1\slice_2.png,2,LIDC-IDRI-0095,train
series_90_nodule_1\slice_3.png,2,LIDC-IDRI-0095,train
series_90_nodule_1\slice_4.png,2,LIDC-IDRI-0095,train
series_90_nodule_1\slice_5.png,2,LIDC-IDRI-0095,train
series_90_nodule_1\slice_6.png,2,LIDC-IDRI-0095,train
series_90_nodule_1\slice_7.png,2,LIDC-IDRI-0095,train
series_91_nodule_0\slice_0.png,1,LIDC-IDRI-0096,val
series_91_nodule_0\slice_1.png,1,LIDC-IDRI-0096,val
series_91_nodule_0\slice_2.png,1,LIDC-IDRI-0096,val
series_92_nodule_0\slice_0.png,1,LIDC-IDRI-0097,test
series_92_nodule_0\slice_1.png,1,LIDC-IDRI-0097,test
series_92_nodule_0\slice_2.png,1,LIDC-IDRI-0097,test
series_92_nodule_0\slice_3.png,1,LIDC-IDRI-0097,test
series_92_nodule_0\slice_4.png,1,LIDC-IDRI-0097,test
series_93_nodule_0\slice_0.png,0,LIDC-IDRI-0099,train
series_93_nodule_0\slice_1.png,0,LIDC-IDRI-0099,train
series_93_nodule_0\slice_2.png,0,LIDC-IDRI-0099,train
series_93_nodule_0\slice_3.png,0,LIDC-IDRI-0099,train
series_93_nodule_0\slice_4.png,0,LIDC-IDRI-0099,train
series_93_nodule_1\slice_0.png,1,LIDC-IDRI-0099,train
series_93_nodule_1\slice_1.png,1,LIDC-IDRI-0099,train
series_93_nodule_1\slice_2.png,1,LIDC-IDRI-0099,train
series_93_nodule_1\slice_3.png,1,LIDC-IDRI-0099,train
series_93_nodule_1\slice_4.png,1,LIDC-IDRI-0099,train
series_95_nodule_0\slice_0.png,1,LIDC-IDRI-0102,test
series_95_nodule_0\slice_1.png,1,LIDC-IDRI-0102,test
series_96_nodule_0\slice_0.png,1,LIDC-IDRI-0104,val
series_96_nodule_0\slice_1.png,1,LIDC-IDRI-0104,val
series_96_nodule_0\slice_2.png,1,LIDC-IDRI-0104,val
series_96_nodule_0\slice_3.png,1,LIDC-IDRI-0104,val
series_96_nodule_0\slice_4.png,1,LIDC-IDRI-0104,val
series_97_nodule_0\slice_0.png,1,LIDC-IDRI-0105,test
series_97_nodule_0\slice_1.png,1,LIDC-IDRI-0105,test
series_98_nodule_0\slice_0.png,1,LIDC-IDRI-0107,test
series_98_nodule_0\slice_1.png,1,LIDC-IDRI-0107,test
series_98_nodule_0\slice_2.png,1,LIDC-IDRI-0107,test
series_98_nodule_0\slice_3.png,1,LIDC-IDRI-0107,test
series_99_nodule_0\slice_0.png,2,LIDC-IDRI-0108,train
series_99_nodule_0\slice_1.png,2,LIDC-IDRI-0108,train
series_99_nodule_0\slice_2.png,2,LIDC-IDRI-0108,train
series_99_nodule_0\slice_3.png,2,LIDC-IDRI-0108,train
series_99_nodule_0\slice_4.png,2,LIDC-IDRI-0108,train
series_99_nodule_0\slice_5.png,2,LIDC-IDRI-0108,train
series_99_nodule_0\slice_6.png,2,LIDC-IDRI-0108,train
series_100_nodule_0\slice_0.png,1,LIDC-IDRI-0109,train
series_100_nodule_0\slice_1.png,1,LIDC-IDRI-0109,train
series_100_nodule_0\slice_2.png,1,LIDC-IDRI-0109,train
series_100_nodule_0\slice_3.png,1,LIDC-IDRI-0109,train
series_100_nodule_0\slice_4.png,1,LIDC-IDRI-0109,train
series_100_nodule_0\slice_5.png,1,LIDC-IDRI-0109,train
series_100_nodule_0\slice_6.png,1,LIDC-IDRI-0109,train
series_100_nodule_0\slice_7.png,1,LIDC-IDRI-0109,train
series_100_nodule_0\slice_8.png,1,LIDC-IDRI-0109,train
series_101_nodule_0\slice_0.png,1,LIDC-IDRI-0110,train
series_101_nodule_0\slice_1.png,1,LIDC-IDRI-0110,train
series_101_nodule_1\slice_0.png,1,LIDC-IDRI-0110,train
series_101_nodule_1\slice_1.png,1,LIDC-IDRI-0110,train
series_102_nodule_0\slice_0.png,1,LIDC-IDRI-0111,test
series_102_nodule_0\slice_1.png,1,LIDC-IDRI-0111,test
series_102_nodule_1\slice_0.png,2,LIDC-IDRI-0111,test
series_102_nodule_1\slice_1.png,2,LIDC-IDRI-0111,test
series_102_nodule_1\slice_2.png,2,LIDC-IDRI-0111,test
series_102_nodule_1\slice_3.png,2,LIDC-IDRI-0111,test
series_102_nodule_1\slice_4.png,2,LIDC-IDRI-0111,test
series_102_nodule_1\slice_5.png,2,LIDC-IDRI-0111,test
series_102_nodule_1\slice_6.png,2,LIDC-IDRI-0111,test
series_102_nodule_2\slice_0.png,1,LIDC-IDRI-0111,test
series_102_nodule_2\slice_1.png,1,LIDC-IDRI-0111,test
series_102_nodule_2\slice_2.png,1,LIDC-IDRI-0111,test
series_103_nodule_0\slice_0.png,1,LIDC-IDRI-0112,train
series_103_nodule_0\slice_1.png,1,LIDC-IDRI-0112,train
series_103_nodule_0\slice_2.png,1,LIDC-IDRI-0112,train
series_103_nodule_0\slice_3.png,1,LIDC-IDRI-0112,train
series_104_nodule_0\slice_0.png,1,LIDC-IDRI-0113,test
series_104_nodule_0\slice_1.png,1,LIDC-IDRI-0113,test
series_104_nodule_0\slice_2.png,1,LIDC-IDRI-0113,test
series_105_nodule_0\slice_0.png,2,LIDC-IDRI-0114,train
series_105_nodule_0\slice_1.png,2,LIDC-IDRI-0114,train
series_105_nodule_0\slice_2.png,2,LIDC-IDRI-0114,train
series_105_nodule_0\slice_3.png,2,LIDC-IDRI-0114,train
series_105_nodule_0\slice_4.png,2,LIDC-IDRI-0114,train
series_105_nodule_0\slice_5.png,2,LIDC-IDRI-0114,train
series_105_nodule_1\slice_0.png,1,LIDC-IDRI-0114,train
series_105_nodule_1\slice_1.png,1,LIDC-IDRI-0114,train
series_105_nodule_1\slice_2.png,1,LIDC-IDRI-0114,train
series_105_nodule_1\slice_3.png,1,LIDC-IDRI-0114,train
series_105_nodule_1\slice_4.png,1,LIDC-IDRI-0114,train
series_105_nodule_1\slice_5.png,1,LIDC-IDRI-0114,train
series_105_nodule_1\slice_6.png,1,LIDC-IDRI-0114,train
series_105_nodule_1\slice_7.png,1,LIDC-IDRI-0114,train
series_106_nodule_0\slice_0.png,2,LIDC-IDRI-0116,train
series_106_nodule_0\slice_1.png,2,LIDC-IDRI-0116,train
series_106_nodule_0\slice_2.png,2,LIDC-IDRI-0116,train
series_106_nodule_0\slice_3.png,2,LIDC-IDRI-0116,train
series_106_nodule_0\slice_4.png,2,LIDC-IDRI-0116,train
series_106_nodule_0\slice_5.png,2,LIDC-IDRI-0116,train
series_106_nodule_0\slice_6.png,2,LIDC-IDRI-0116,train
series_107_nodule_0\slice_0.png,0,LIDC-IDRI-0118,train
series_107_nodule_0\slice_1.png,0,LIDC-IDRI-0118,train
series_107_nodule_0\slice_2.png,0,LIDC-IDRI-0118,train
series_107_nodule_0\slice_3.png,0,LIDC-IDRI-0118,train
series_107_nodule_1\slice_0.png,0,LIDC-IDRI-0118,train
series_107_nodule_1\slice_1.png,0,LIDC-IDRI-0118,train
series_107_nodule_1\slice_2.png,0,LIDC-IDRI-0118,train
series_107_nodule_1\slice_3.png,0,LIDC-IDRI-0118,train
series_107_nodule_2\slice_0.png,0,LIDC-IDRI-0118,train
series_107_nodule_2\slice_1.png,0,LIDC-IDRI-0118,train
series_107_nodule_2\slice_2.png,0,LIDC-IDRI-0118,train
series_107_nodule_2\slice_3.png,0,LIDC-IDRI-0118,train
series_108_nodule_0\slice_0.png,2,LIDC-IDRI-0121,train
series_108_nodule_0\slice_1.png,2,LIDC-IDRI-0121,train
series_108_nodule_0\slice_10.png,2,LIDC-IDRI-0121,train
series_108_nodule_0\slice_11.png,2,LIDC-IDRI-0121,train
series_108_nodule_0\slice_2.png,2,LIDC-IDRI-0121,train
series_108_nodule_0\slice_3.png,2,LIDC-IDRI-0121,train
series_108_nodule_0\slice_4.png,2,LIDC-IDRI-0121,train
series_108_nodule_0\slice_5.png,2,LIDC-IDRI-0121,train
series_108_nodule_0\slice_6.png,2,LIDC-IDRI-0121,train
series_108_nodule_0\slice_7.png,2,LIDC-IDRI-0121,train
series_108_nodule_0\slice_8.png,2,LIDC-IDRI-0121,train
series_108_nodule_0\slice_9.png,2,LIDC-IDRI-0121,train
series_108_nodule_1\slice_0.png,1,LIDC-IDRI-0121,train
series_108_nodule_1\slice_1.png,1,LIDC-IDRI-0121,train
series_108_nodule_1\slice_2.png,1,LIDC-IDRI-0121,train
series_108_nodule_1\slice_3.png,1,LIDC-IDRI-0121,train
series_108_nodule_1\slice_4.png,1,LIDC-IDRI-0121,train
series_108_nodule_2\slice_0.png,1,LIDC-IDRI-0121,train
series_108_nodule_2\slice_1.png,1,LIDC-IDRI-0121,train
series_108_nodule_2\slice_2.png,1,LIDC-IDRI-0121,train
series_108_nodule_2\slice_3.png,1,LIDC-IDRI-0121,train
series_108_nodule_2\slice_4.png,1,LIDC-IDRI-0121,train
series_108_nodule_2\slice_5.png,1,LIDC-IDRI-0121,train
series_109_nodule_0\slice_0.png,1,LIDC-IDRI-0122,train
series_109_nodule_0\slice_1.png,1,LIDC-IDRI-0122,train
series_109_nodule_0\slice_2.png,1,LIDC-IDRI-0122,train
series_110_nodule_0\slice_0.png,1,LIDC-IDRI-0123,val
series_110_nodule_0\slice_1.png,1,LIDC-IDRI-0123,val
series_110_nodule_0\slice_2.png,1,LIDC-IDRI-0123,val
series_110_nodule_0\slice_3.png,1,LIDC-IDRI-0123,val
series_110_nodule_0\slice_4.png,1,LIDC-IDRI-0123,val
series_111_nodule_0\slice_0.png,1,LIDC-IDRI-0124,train
series_111_nodule_0\slice_1.png,1,LIDC-IDRI-0124,train
series_111_nodule_1\slice_0.png,1,LIDC-IDRI-0124,train
series_111_nodule_1\slice_1.png,1,LIDC-IDRI-0124,train
series_111_nodule_1\slice_2.png,1,LIDC-IDRI-0124,train
series_111_nodule_1\slice_3.png,1,LIDC-IDRI-0124,train
series_111_nodule_2\slice_0.png,1,LIDC-IDRI-0124,train
series_111_nodule_2\slice_1.png,1,LIDC-IDRI-0124,train
series_111_nodule_3\slice_0.png,1,LIDC-IDRI-0124,train
series_111_nodule_3\slice_1.png,1,LIDC-IDRI-0124,train
series_111_nodule_3\slice_2.png,1,LIDC-IDRI-0124,train
series_111_nodule_4\slice_0.png,1,LIDC-IDRI-0124,train
series_111_nodule_4\slice_1.png,1,LIDC-IDRI-0124,train
series_111_nodule_4\slice_2.png,1,LIDC-IDRI-0124,train
series_111_nodule_5\slice_0.png,0,LIDC-IDRI-0124,train
series_111_nodule_5\slice_1.png,0,LIDC-IDRI-0124,train
series_111_nodule_6\slice_0.png,1,LIDC-IDRI-0124,train
series_111_nodule_6\slice_1.png,1,LIDC-IDRI-0124,train
series_111_nodule_7\slice_0.png,1,LIDC-IDRI-0124,train
series_111_nodule_7\slice_1.png,1,LIDC-IDRI-0124,train
series_111_nodule_7\slice_2.png,1,LIDC-IDRI-0124,train
series_111_nodule_8\slice_0.png,1,LIDC-IDRI-0124,train
series_111_nodule_9\slice_0.png,1,LIDC-IDRI-0124,train
series_111_nodule_9\slice_1.png,1,LIDC-IDRI-0124,train
series_111_nodule_9\slice_2.png,1,LIDC-IDRI-0124,train
series_112_nodule_0\slice_0.png,1,LIDC-IDRI-0125,train
series_112_nodule_0\slice_1.png,1,LIDC-IDRI-0125,train
series_112_nodule_0\slice_2.png,1,LIDC-IDRI-0125,train
series_112_nodule_0\slice_3.png,1,LIDC-IDRI-0125,train
series_112_nodule_1\slice_0.png,0,LIDC-IDRI-0125,train
series_112_nodule_1\slice_1.png,0,LIDC-IDRI-0125,train
series_112_nodule_1\slice_2.png,0,LIDC-IDRI-0125,train
series_113_nodule_0\slice_0.png,1,LIDC-IDRI-0126,test
series_113_nodule_0\slice_1.png,1,LIDC-IDRI-0126,test
series_113_nodule_0\slice_2.png,1,LIDC-IDRI-0126,test
series_114_nodule_0\slice_0.png,1,LIDC-IDRI-0128,test
series_114_nodule_0\slice_1.png,1,LIDC-IDRI-0128,test
series_114_nodule_0\slice_2.png,1,LIDC-IDRI-0128,test
series_114_nodule_0\slice_3.png,1,LIDC-IDRI-0128,test
series_115_nodule_0\slice_0.png,1,LIDC-IDRI-0129,train
series_115_nodule_0\slice_1.png,1,LIDC-IDRI-0129,train
series_115_nodule_0\slice_2.png,1,LIDC-IDRI-0129,train
series_115_nodule_0\slice_3.png,1,LIDC-IDRI-0129,train
series_115_nodule_0\slice_4.png,1,LIDC-IDRI-0129,train
series_115_nodule_0\slice_5.png,1,LIDC-IDRI-0129,train
series_115_nodule_0\slice_6.png,1,LIDC-IDRI-0129,train
series_115_nodule_0\slice_7.png,1,LIDC-IDRI-0129,train
series_115_nodule_0\slice_8.png,1,LIDC-IDRI-0129,train
series_115_nodule_0\slice_9.png,1,LIDC-IDRI-0129,train
series_115_nodule_1\slice_0.png,1,LIDC-IDRI-0129,train
series_115_nodule_1\slice_1.png,1,LIDC-IDRI-0129,train
series_115_nodule_1\slice_2.png,1,LIDC-IDRI-0129,train
series_115_nodule_1\slice_3.png,1,LIDC-IDRI-0129,train
series_115_nodule_1\slice_4.png,1,LIDC-IDRI-0129,train
series_115_nodule_1\slice_5.png,1,LIDC-IDRI-0129,train
series_115_nodule_2\slice_0.png,1,LIDC-IDRI-0129,train
series_115_nodule_2\slice_1.png,1,LIDC-IDRI-0129,train
series_115_nodule_2\slice_2.png,1,LIDC-IDRI-0129,train
series_115_nodule_2\slice_3.png,1,LIDC-IDRI-0129,train
series_115_nodule_2\slice_4.png,1,LIDC-IDRI-0129,train
series_115_nodule_2\slice_5.png,1,LIDC-IDRI-0129,train
series_115_nodule_3\slice_0.png,1,LIDC-IDRI-0129,train
series_115_nodule_3\slice_1.png,1,LIDC-IDRI-0129,train
series_115_nodule_3\slice_2.png,1,LIDC-IDRI-0129,train
series_115_nodule_3\slice_3.png,1,LIDC-IDRI-0129,train
series_115_nodule_4\slice_0.png,1,LIDC-IDRI-0129,train
series_115_nodule_4\slice_1.png,1,LIDC-IDRI-0129,train
series_115_nodule_4\slice_2.png,1,LIDC-IDRI-0129,train
series_115_nodule_4\slice_3.png,1,LIDC-IDRI-0129,train
series_115_nodule_5\slice_0.png,1,LIDC-IDRI-0129,train
series_115_nodule_5\slice_1.png,1,LIDC-IDRI-0129,train
series_115_nodule_5\slice_2.png,1,LIDC-IDRI-0129,train
series_115_nodule_6\slice_0.png,1,LIDC-IDRI-0129,train
series_115_nodule_6\slice_1.png,1,LIDC-IDRI-0129,train
series_115_nodule_7\slice_0.png,1,LIDC-IDRI-0129,train
series_115_nodule_7\slice_1.png,1,LIDC-IDRI-0129,train
series_115_nodule_7\slice_2.png,1,LIDC-IDRI-0129,train
series_115_nodule_7\slice_3.png,1,LIDC-IDRI-0129,train
series_115_nodule_7\slice_4.png,1,LIDC-IDRI-0129,train
series_115_nodule_7\slice_5.png,1,LIDC-IDRI-0129,train
series_115_nodule_8\slice_0.png,2,LIDC-IDRI-0129,train
series_115_nodule_8\slice_1.png,2,LIDC-IDRI-0129,train
series_115_nodule_8\slice_2.png,2,LIDC-IDRI-0129,train
series_115_nodule_8\slice_3.png,2,LIDC-IDRI-0129,train
series_115_nodule_8\slice_4.png,2,LIDC-IDRI-0129,train
series_115_nodule_8\slice_5.png,2,LIDC-IDRI-0129,train
series_115_nodule_8\slice_6.png,2,LIDC-IDRI-0129,train
series_115_nodule_8\slice_7.png,2,LIDC-IDRI-0129,train
series_115_nodule_8\slice_8.png,2,LIDC-IDRI-0129,train
series_115_nodule_9\slice_0.png,1,LIDC-IDRI-0129,train
series_115_nodule_9\slice_1.png,1,LIDC-IDRI-0129,train
series_115_nodule_9\slice_2.png,1,LIDC-IDRI-0129,train
series_115_nodule_10\slice_0.png,1,LIDC-IDRI-0129,train
series_115_nodule_10\slice_1.png,1,LIDC-IDRI-0129,train
series_115_nodule_10\slice_2.png,1,LIDC-IDRI-0129,train
series_115_nodule_10\slice_3.png,1,LIDC-IDRI-0129,train
series_115_nodule_10\slice_4.png,1,LIDC-IDRI-0129,train
series_115_nodule_11\slice_0.png,2,LIDC-IDRI-0129,train
series_115_nodule_11\slice_1.png,2,LIDC-IDRI-0129,train
series_115_nodule_11\slice_2.png,2,LIDC-IDRI-0129,train
series_115_nodule_11\slice_3.png,2,LIDC-IDRI-0129,train
series_115_nodule_11\slice_4.png,2,LIDC-IDRI-0129,train
series_115_nodule_11\slice_5.png,2,LIDC-IDRI-0129,train
series_115_nodule_11\slice_6.png,2,LIDC-IDRI-0129,train
series_115_nodule_11\slice_7.png,2,LIDC-IDRI-0129,train
series_115_nodule_11\slice_8.png,2,LIDC-IDRI-0129,train
series_115_nodule_12\slice_0.png,0,LIDC-IDRI-0129,train
series_115_nodule_12\slice_1.png,0,LIDC-IDRI-0129,train
series_115_nodule_12\slice_2.png,0,LIDC-IDRI-0129,train
series_115_nodule_13\slice_0.png,1,LIDC-IDRI-0129,train
series_115_nodule_13\slice_1.png,1,LIDC-IDRI-0129,train
series_115_nodule_13\slice_2.png,1,LIDC-IDRI-0129,train
series_115_nodule_13\slice_3.png,1,LIDC-IDRI-0129,train
series_115_nodule_13\slice_4.png,1,LIDC-IDRI-0129,train
series_116_nodule_0\slice_0.png,2,LIDC-IDRI-0131,train
series_116_nodule_0\slice_1.png,2,LIDC-IDRI-0131,train
series_116_nodule_0\slice_2.png,2,LIDC-IDRI-0131,train
series_117_nodule_0\slice_0.png,1,LIDC-IDRI-0132,train
series_117_nodule_0\slice_1.png,1,LIDC-IDRI-0132,train
series_117_nodule_0\slice_2.png,1,LIDC-IDRI-0132,train
series_117_nodule_0\slice_3.png,1,LIDC-IDRI-0132,train
series_117_nodule_0\slice_4.png,1,LIDC-IDRI-0132,train
series_117_nodule_0\slice_5.png,1,LIDC-IDRI-0132,train
series_117_nodule_0\slice_6.png,1,LIDC-IDRI-0132,train
series_117_nodule_0\slice_7.png,1,LIDC-IDRI-0132,train
series_117_nodule_0\slice_8.png,1,LIDC-IDRI-0132,train
series_117_nodule_1\slice_0.png,2,LIDC-IDRI-0132,train
series_117_nodule_1\slice_1.png,2,LIDC-IDRI-0132,train
series_117_nodule_1\slice_2.png,2,LIDC-IDRI-0132,train
series_117_nodule_1\slice_3.png,2,LIDC-IDRI-0132,train
series_118_nodule_0\slice_0.png,1,LIDC-IDRI-0133,train
series_118_nodule_0\slice_1.png,1,LIDC-IDRI-0133,train
series_118_nodule_0\slice_10.png,1,LIDC-IDRI-0133,train
series_118_nodule_0\slice_11.png,1,LIDC-IDRI-0133,train
series_118_nodule_0\slice_12.png,1,LIDC-IDRI-0133,train
series_118_nodule_0\slice_2.png,1,LIDC-IDRI-0133,train
series_118_nodule_0\slice_3.png,1,LIDC-IDRI-0133,train
series_118_nodule_0\slice_4.png,1,LIDC-IDRI-0133,train
series_118_nodule_0\slice_5.png,1,LIDC-IDRI-0133,train
series_118_nodule_0\slice_6.png,1,LIDC-IDRI-0133,train
series_118_nodule_0\slice_7.png,1,LIDC-IDRI-0133,train
series_118_nodule_0\slice_8.png,1,LIDC-IDRI-0133,train
series_118_nodule_0\slice_9.png,1,LIDC-IDRI-0133,train
series_119_nodule_0\slice_0.png,1,LIDC-IDRI-0135,train
series_119_nodule_0\slice_1.png,1,LIDC-IDRI-0135,train
series_119_nodule_1\slice_0.png,1,LIDC-IDRI-0135,train
series_119_nodule_1\slice_1.png,1,LIDC-IDRI-0135,train
series_119_nodule_1\slice_2.png,1,LIDC-IDRI-0135,train
series_119_nodule_2\slice_0.png,1,LIDC-IDRI-0135,train
series_119_nodule_2\slice_1.png,1,LIDC-IDRI-0135,train
series_119_nodule_3\slice_0.png,1,LIDC-IDRI-0135,train
series_119_nodule_3\slice_1.png,1,LIDC-IDRI-0135,train
series_119_nodule_3\slice_2.png,1,LIDC-IDRI-0135,train
series_119_nodule_4\slice_0.png,0,LIDC-IDRI-0135,train
series_119_nodule_4\slice_1.png,0,LIDC-IDRI-0135,train
series_119_nodule_4\slice_2.png,0,LIDC-IDRI-0135,train
series_119_nodule_5\slice_0.png,1,LIDC-IDRI-0135,train
series_119_nodule_5\slice_1.png,1,LIDC-IDRI-0135,train
series_120_nodule_0\slice_0.png,1,LIDC-IDRI-0137,train
series_120_nodule_0\slice_1.png,1,LIDC-IDRI-0137,train
series_120_nodule_0\slice_2.png,1,LIDC-IDRI-0137,train
series_120_nodule_0\slice_3.png,1,LIDC-IDRI-0137,train
series_120_nodule_1\slice_0.png,0,LIDC-IDRI-0137,train
series_120_nodule_1\slice_1.png,0,LIDC-IDRI-0137,train
series_122_nodule_0\slice_0.png,1,LIDC-IDRI-0139,val
series_122_nodule_0\slice_1.png,1,LIDC-IDRI-0139,val
series_122_nodule_0\slice_2.png,1,LIDC-IDRI-0139,val
series_122_nodule_0\slice_3.png,1,LIDC-IDRI-0139,val
series_122_nodule_0\slice_4.png,1,LIDC-IDRI-0139,val
series_122_nodule_0\slice_5.png,1,LIDC-IDRI-0139,val
series_122_nodule_0\slice_6.png,1,LIDC-IDRI-0139,val
series_122_nodule_0\slice_7.png,1,LIDC-IDRI-0139,val
series_122_nodule_1\slice_0.png,2,LIDC-IDRI-0139,val
series_122_nodule_1\slice_1.png,2,LIDC-IDRI-0139,val
series_122_nodule_1\slice_2.png,2,LIDC-IDRI-0139,val
series_122_nodule_1\slice_3.png,2,LIDC-IDRI-0139,val
series_122_nodule_1\slice_4.png,2,LIDC-IDRI-0139,val
series_122_nodule_1\slice_5.png,2,LIDC-IDRI-0139,val
series_122_nodule_1\slice_6.png,2,LIDC-IDRI-0139,val
series_122_nodule_1\slice_7.png,2,LIDC-IDRI-0139,val
series_122_nodule_1\slice_8.png,2,LIDC-IDRI-0139,val
series_123_nodule_0\slice_0.png,0,LIDC-IDRI-0141,train
series_123_nodule_0\slice_1.png,0,LIDC-IDRI-0141,train
series_123_nodule_0\slice_2.png,0,LIDC-IDRI-0141,train
series_123_nodule_0\slice_3.png,0,LIDC-IDRI-0141,train
series_123_nodule_0\slice_4.png,0,LIDC-IDRI-0141,train
series_123_nodule_1\slice_0.png,1,LIDC-IDRI-0141,train
series_123_nodule_1\slice_1.png,1,LIDC-IDRI-0141,train
series_123_nodule_1\slice_2.png,1,LIDC-IDRI-0141,train
series_123_nodule_1\slice_3.png,1,LIDC-IDRI-0141,train
series_123_nodule_1\slice_4.png,1,LIDC-IDRI-0141,train
series_123_nodule_1\slice_5.png,1,LIDC-IDRI-0141,train
series_123_nodule_1\slice_6.png,1,LIDC-IDRI-0141,train
series_123_nodule_2\slice_0.png,0,LIDC-IDRI-0141,train
series_123_nodule_2\slice_1.png,0,LIDC-IDRI-0141,train
series_123_nodule_2\slice_2.png,0,LIDC-IDRI-0141,train
series_123_nodule_2\slice_3.png,0,LIDC-IDRI-0141,train
series_123_nodule_3\slice_0.png,1,LIDC-IDRI-0141,train
series_123_nodule_3\slice_1.png,1,LIDC-IDRI-0141,train
series_123_nodule_3\slice_2.png,1,LIDC-IDRI-0141,train
series_123_nodule_3\slice_3.png,1,LIDC-IDRI-0141,train
series_123_nodule_3\slice_4.png,1,LIDC-IDRI-0141,train
series_126_nodule_0\slice_0.png,0,LIDC-IDRI-0144,train
series_126_nodule_0\slice_1.png,0,LIDC-IDRI-0144,train
series_126_nodule_1\slice_0.png,0,LIDC-IDRI-0144,train
series_126_nodule_1\slice_1.png,0,LIDC-IDRI-0144,train
series_126_nodule_1\slice_2.png,0,LIDC-IDRI-0144,train
series_126_nodule_2\slice_0.png,1,LIDC-IDRI-0144,train
series_126_nodule_2\slice_1.png,1,LIDC-IDRI-0144,train
series_126_nodule_2\slice_2.png,1,LIDC-IDRI-0144,train
series_126_nodule_2\slice_3.png,1,LIDC-IDRI-0144,train
series_126_nodule_3\slice_0.png,0,LIDC-IDRI-0144,train
series_126_nodule_3\slice_1.png,0,LIDC-IDRI-0144,train
series_126_nodule_3\slice_2.png,0,LIDC-IDRI-0144,train
series_126_nodule_4\slice_0.png,0,LIDC-IDRI-0144,train
series_126_nodule_4\slice_1.png,0,LIDC-IDRI-0144,train
series_126_nodule_4\slice_2.png,0,LIDC-IDRI-0144,train
series_127_nodule_0\slice_0.png,1,LIDC-IDRI-0145,val
series_127_nodule_0\slice_1.png,1,LIDC-IDRI-0145,val
series_127_nodule_0\slice_2.png,1,LIDC-IDRI-0145,val
series_127_nodule_0\slice_3.png,1,LIDC-IDRI-0145,val
series_128_nodule_0\slice_0.png,1,LIDC-IDRI-0146,train
series_128_nodule_0\slice_1.png,1,LIDC-IDRI-0146,train
series_128_nodule_0\slice_10.png,1,LIDC-IDRI-0146,train
series_128_nodule_0\slice_11.png,1,LIDC-IDRI-0146,train
series_128_nodule_0\slice_12.png,1,LIDC-IDRI-0146,train
series_128_nodule_0\slice_13.png,1,LIDC-IDRI-0146,train
series_128_nodule_0\slice_14.png,1,LIDC-IDRI-0146,train
series_128_nodule_0\slice_2.png,1,LIDC-IDRI-0146,train
series_128_nodule_0\slice_3.png,1,LIDC-IDRI-0146,train
series_128_nodule_0\slice_4.png,1,LIDC-IDRI-0146,train
series_128_nodule_0\slice_5.png,1,LIDC-IDRI-0146,train
series_128_nodule_0\slice_6.png,1,LIDC-IDRI-0146,train
series_128_nodule_0\slice_7.png,1,LIDC-IDRI-0146,train
series_128_nodule_0\slice_8.png,1,LIDC-IDRI-0146,train
series_128_nodule_0\slice_9.png,1,LIDC-IDRI-0146,train
series_129_nodule_0\slice_0.png,1,LIDC-IDRI-0148,train
series_129_nodule_0\slice_1.png,1,LIDC-IDRI-0148,train
series_129_nodule_0\slice_2.png,1,LIDC-IDRI-0148,train
series_129_nodule_0\slice_3.png,1,LIDC-IDRI-0148,train
series_129_nodule_0\slice_4.png,1,LIDC-IDRI-0148,train
series_129_nodule_0\slice_5.png,1,LIDC-IDRI-0148,train
series_129_nodule_1\slice_0.png,2,LIDC-IDRI-0148,train
series_129_nodule_1\slice_1.png,2,LIDC-IDRI-0148,train
series_129_nodule_1\slice_2.png,2,LIDC-IDRI-0148,train
series_129_nodule_1\slice_3.png,2,LIDC-IDRI-0148,train
series_129_nodule_1\slice_4.png,2,LIDC-IDRI-0148,train
series_129_nodule_1\slice_5.png,2,LIDC-IDRI-0148,train
series_129_nodule_2\slice_0.png,2,LIDC-IDRI-0148,train
series_129_nodule_2\slice_1.png,2,LIDC-IDRI-0148,train
series_129_nodule_2\slice_2.png,2,LIDC-IDRI-0148,train
series_129_nodule_2\slice_3.png,2,LIDC-IDRI-0148,train
series_129_nodule_2\slice_4.png,2,LIDC-IDRI-0148,train
series_130_nodule_0\slice_0.png,1,LIDC-IDRI-0149,train
series_130_nodule_0\slice_1.png,1,LIDC-IDRI-0149,train
series_130_nodule_0\slice_2.png,1,LIDC-IDRI-0149,train
series_130_nodule_1\slice_0.png,1,LIDC-IDRI-0149,train
series_130_nodule_1\slice_1.png,1,LIDC-IDRI-0149,train
series_130_nodule_2\slice_0.png,1,LIDC-IDRI-0149,train
series_130_nodule_2\slice_1.png,1,LIDC-IDRI-0149,train
series_131_nodule_0\slice_0.png,1,LIDC-IDRI-0151,test
series_131_nodule_0\slice_1.png,1,LIDC-IDRI-0151,test
series_131_nodule_0\slice_2.png,1,LIDC-IDRI-0151,test
series_131_nodule_0\slice_3.png,1,LIDC-IDRI-0151,test
series_132_nodule_0\slice_0.png,1,LIDC-IDRI-0152,test
series_132_nodule_0\slice_1.png,1,LIDC-IDRI-0152,test
series_132_nodule_0\slice_2.png,1,LIDC-IDRI-0152,test
series_132_nodule_0\slice_3.png,1,LIDC-IDRI-0152,test
series_133_nodule_0\slice_0.png,1,LIDC-IDRI-0153,val
series_133_nodule_0\slice_1.png,1,LIDC-IDRI-0153,val
series_133_nodule_0\slice_2.png,1,LIDC-IDRI-0153,val
series_133_nodule_0\slice_3.png,1,LIDC-IDRI-0153,val
series_133_nodule_0\slice_4.png,1,LIDC-IDRI-0153,val
series_133_nodule_0\slice_5.png,1,LIDC-IDRI-0153,val
series_133_nodule_1\slice_0.png,2,LIDC-IDRI-0153,val
series_133_nodule_1\slice_1.png,2,LIDC-IDRI-0153,val
series_133_nodule_1\slice_2.png,2,LIDC-IDRI-0153,val
series_133_nodule_1\slice_3.png,2,LIDC-IDRI-0153,val
series_133_nodule_1\slice_4.png,2,LIDC-IDRI-0153,val
series_133_nodule_1\slice_5.png,2,LIDC-IDRI-0153,val
series_135_nodule_0\slice_0.png,2,LIDC-IDRI-0156,train
series_135_nodule_0\slice_1.png,2,LIDC-IDRI-0156,train
series_135_nodule_0\slice_2.png,2,LIDC-IDRI-0156,train
series_135_nodule_0\slice_3.png,2,LIDC-IDRI-0156,train
series_137_nodule_0\slice_0.png,1,LIDC-IDRI-0158,train
series_137_nodule_0\slice_1.png,1,LIDC-IDRI-0158,train
series_137_nodule_0\slice_2.png,1,LIDC-IDRI-0158,train
series_137_nodule_0\slice_3.png,1,LIDC-IDRI-0158,train
series_137_nodule_0\slice_4.png,1,LIDC-IDRI-0158,train
series_137_nodule_0\slice_5.png,1,LIDC-IDRI-0158,train
series_137_nodule_1\slice_0.png,1,LIDC-IDRI-0158,train
series_137_nodule_1\slice_1.png,1,LIDC-IDRI-0158,train
series_137_nodule_1\slice_2.png,1,LIDC-IDRI-0158,train
series_137_nodule_1\slice_3.png,1,LIDC-IDRI-0158,train
series_137_nodule_1\slice_4.png,1,LIDC-IDRI-0158,train
series_137_nodule_1\slice_5.png,1,LIDC-IDRI-0158,train
series_137_nodule_1\slice_6.png,1,LIDC-IDRI-0158,train
series_137_nodule_1\slice_7.png,1,LIDC-IDRI-0158,train
series_137_nodule_1\slice_8.png,1,LIDC-IDRI-0158,train
series_138_nodule_0\slice_0.png,1,LIDC-IDRI-0159,val
series_138_nodule_0\slice_1.png,1,LIDC-IDRI-0159,val
series_138_nodule_0\slice_2.png,1,LIDC-IDRI-0159,val
series_138_nodule_0\slice_3.png,1,LIDC-IDRI-0159,val
series_138_nodule_0\slice_4.png,1,LIDC-IDRI-0159,val
series_138_nodule_0\slice_5.png,1,LIDC-IDRI-0159,val
series_138_nodule_1\slice_0.png,1,LIDC-IDRI-0159,val
series_138_nodule_1\slice_1.png,1,LIDC-IDRI-0159,val
series_138_nodule_1\slice_2.png,1,LIDC-IDRI-0159,val
series_138_nodule_1\slice_3.png,1,LIDC-IDRI-0159,val
series_138_nodule_1\slice_4.png,1,LIDC-IDRI-0159,val
series_139_nodule_0\slice_0.png,1,LIDC-IDRI-0160,val
series_139_nodule_0\slice_1.png,1,LIDC-IDRI-0160,val
series_139_nodule_0\slice_2.png,1,LIDC-IDRI-0160,val
series_139_nodule_0\slice_3.png,1,LIDC-IDRI-0160,val
series_139_nodule_0\slice_4.png,1,LIDC-IDRI-0160,val
series_139_nodule_1\slice_0.png,0,LIDC-IDRI-0160,val
series_139_nodule_1\slice_1.png,0,LIDC-IDRI-0160,val
series_139_nodule_1\slice_2.png,0,LIDC-IDRI-0160,val
series_139_nodule_1\slice_3.png,0,LIDC-IDRI-0160,val
series_139_nodule_2\slice_0.png,1,LIDC-IDRI-0160,val
series_139_nodule_2\slice_1.png,1,LIDC-IDRI-0160,val
series_139_nodule_2\slice_2.png,1,LIDC-IDRI-0160,val
series_139_nodule_3\slice_0.png,1,LIDC-IDRI-0160,val
series_139_nodule_3\slice_1.png,1,LIDC-IDRI-0160,val
series_139_nodule_3\slice_2.png,1,LIDC-IDRI-0160,val
series_140_nodule_0\slice_0.png,1,LIDC-IDRI-0161,train
series_140_nodule_0\slice_1.png,1,LIDC-IDRI-0161,train
series_140_nodule_0\slice_2.png,1,LIDC-IDRI-0161,train
series_140_nodule_0\slice_3.png,1,LIDC-IDRI-0161,train
series_140_nodule_1\slice_0.png,1,LIDC-IDRI-0161,train
series_140_nodule_1\slice_1.png,1,LIDC-IDRI-0161,train
series_140_nodule_1\slice_2.png,1,LIDC-IDRI-0161,train
series_140_nodule_1\slice_3.png,1,LIDC-IDRI-0161,train
series_140_nodule_1\slice_4.png,1,LIDC-IDRI-0161,train
series_141_nodule_0\slice_0.png,1,LIDC-IDRI-0162,val
series_141_nodule_0\slice_1.png,1,LIDC-IDRI-0162,val
series_141_nodule_0\slice_2.png,1,LIDC-IDRI-0162,val
series_141_nodule_0\slice_3.png,1,LIDC-IDRI-0162,val
series_142_nodule_0\slice_0.png,2,LIDC-IDRI-0163,train
series_142_nodule_0\slice_1.png,2,LIDC-IDRI-0163,train
series_142_nodule_0\slice_2.png,2,LIDC-IDRI-0163,train
series_142_nodule_0\slice_3.png,2,LIDC-IDRI-0163,train
series_142_nodule_0\slice_4.png,2,LIDC-IDRI-0163,train
series_142_nodule_0\slice_5.png,2,LIDC-IDRI-0163,train
series_142_nodule_0\slice_6.png,2,LIDC-IDRI-0163,train
series_142_nodule_0\slice_7.png,2,LIDC-IDRI-0163,train
series_142_nodule_0\slice_8.png,2,LIDC-IDRI-0163,train
series_143_nodule_0\slice_0.png,1,LIDC-IDRI-0164,val
series_143_nodule_0\slice_1.png,1,LIDC-IDRI-0164,val
series_143_nodule_0\slice_2.png,1,LIDC-IDRI-0164,val
series_143_nodule_0\slice_3.png,1,LIDC-IDRI-0164,val
series_143_nodule_0\slice_4.png,1,LIDC-IDRI-0164,val
series_143_nodule_0\slice_5.png,1,LIDC-IDRI-0164,val
series_143_nodule_1\slice_0.png,1,LIDC-IDRI-0164,val
series_143_nodule_1\slice_1.png,1,LIDC-IDRI-0164,val
series_143_nodule_1\slice_2.png,1,LIDC-IDRI-0164,val
series_143_nodule_1\slice_3.png,1,LIDC-IDRI-0164,val
series_143_nodule_1\slice_4.png,1,LIDC-IDRI-0164,val
series_143_nodule_2\slice_0.png,2,LIDC-IDRI-0164,val
series_143_nodule_2\slice_1.png,2,LIDC-IDRI-0164,val
series_143_nodule_2\slice_2.png,2,LIDC-IDRI-0164,val
series_143_nodule_2\slice_3.png,2,LIDC-IDRI-0164,val
series_143_nodule_2\slice_4.png,2,LIDC-IDRI-0164,val
series_143_nodule_2\slice_5.png,2,LIDC-IDRI-0164,val
series_143_nodule_2\slice_6.png,2,LIDC-IDRI-0164,val
series_143_nodule_2\slice_7.png,2,LIDC-IDRI-0164,val
series_143_nodule_2\slice_8.png,2,LIDC-IDRI-0164,val
series_143_nodule_3\slice_0.png,1,LIDC-IDRI-0164,val
series_143_nodule_3\slice_1.png,1,LIDC-IDRI-0164,val
series_143_nodule_3\slice_2.png,1,LIDC-IDRI-0164,val
series_143_nodule_3\slice_3.png,1,LIDC-IDRI-0164,val
series_143_nodule_3\slice_4.png,1,LIDC-IDRI-0164,val
series_143_nodule_3\slice_5.png,1,LIDC-IDRI-0164,val
series_143_nodule_4\slice_0.png,1,LIDC-IDRI-0164,val
series_143_nodule_4\slice_1.png,1,LIDC-IDRI-0164,val
series_143_nodule_4\slice_2.png,1,LIDC-IDRI-0164,val
series_143_nodule_4\slice_3.png,1,LIDC-IDRI-0164,val
series_143_nodule_4\slice_4.png,1,LIDC-IDRI-0164,val
series_143_nodule_5\slice_0.png,1,LIDC-IDRI-0164,val
series_143_nodule_5\slice_1.png,1,LIDC-IDRI-0164,val
series_143_nodule_5\slice_2.png,1,LIDC-IDRI-0164,val
series_143_nodule_5\slice_3.png,1,LIDC-IDRI-0164,val
series_143_nodule_6\slice_0.png,1,LIDC-IDRI-0164,val
series_143_nodule_6\slice_1.png,1,LIDC-IDRI-0164,val
series_143_nodule_6\slice_2.png,1,LIDC-IDRI-0164,val
series_143_nodule_6\slice_3.png,1,LIDC-IDRI-0164,val
series_143_nodule_6\slice_4.png,1,LIDC-IDRI-0164,val
series_143_nodule_6\slice_5.png,1,LIDC-IDRI-0164,val
series_143_nodule_7\slice_0.png,1,LIDC-IDRI-0164,val
series_143_nodule_7\slice_1.png,1,LIDC-IDRI-0164,val
series_143_nodule_7\slice_2.png,1,LIDC-IDRI-0164,val
series_143_nodule_7\slice_3.png,1,LIDC-IDRI-0164,val
series_143_nodule_7\slice_4.png,1,LIDC-IDRI-0164,val
series_143_nodule_7\slice_5.png,1,LIDC-IDRI-0164,val
series_143_nodule_7\slice_6.png,1,LIDC-IDRI-0164,val
series_143_nodule_8\slice_0.png,1,LIDC-IDRI-0164,val
series_143_nodule_8\slice_1.png,1,LIDC-IDRI-0164,val
series_143_nodule_8\slice_2.png,1,LIDC-IDRI-0164,val
series_143_nodule_8\slice_3.png,1,LIDC-IDRI-0164,val
series_143_nodule_8\slice_4.png,1,LIDC-IDRI-0164,val
series_146_nodule_0\slice_0.png,0,LIDC-IDRI-0167,train
series_146_nodule_0\slice_1.png,0,LIDC-IDRI-0167,train
series_146_nodule_1\slice_0.png,1,LIDC-IDRI-0167,train
series_146_nodule_1\slice_1.png,1,LIDC-IDRI-0167,train
series_146_nodule_1\slice_2.png,1,LIDC-IDRI-0167,train
series_146_nodule_2\slice_0.png,0,LIDC-IDRI-0167,train
series_146_nodule_2\slice_1.png,0,LIDC-IDRI-0167,train
series_147_nodule_0\slice_0.png,0,LIDC-IDRI-0168,train
series_147_nodule_0\slice_1.png,0,LIDC-IDRI-0168,train
series_147_nodule_0\slice_2.png,0,LIDC-IDRI-0168,train
series_147_nodule_0\slice_3.png,0,LIDC-IDRI-0168,train
series_148_nodule_0\slice_0.png,1,LIDC-IDRI-0169,train
series_148_nodule_0\slice_1.png,1,LIDC-IDRI-0169,train
series_148_nodule_0\slice_2.png,1,LIDC-IDRI-0169,train
series_148_nodule_1\slice_0.png,2,LIDC-IDRI-0169,train
series_148_nodule_1\slice_1.png,2,LIDC-IDRI-0169,train
series_148_nodule_1\slice_2.png,2,LIDC-IDRI-0169,train
series_148_nodule_1\slice_3.png,2,LIDC-IDRI-0169,train
series_148_nodule_1\slice_4.png,2,LIDC-IDRI-0169,train
series_148_nodule_1\slice_5.png,2,LIDC-IDRI-0169,train
series_148_nodule_2\slice_0.png,1,LIDC-IDRI-0169,train
series_148_nodule_2\slice_1.png,1,LIDC-IDRI-0169,train
series_148_nodule_2\slice_2.png,1,LIDC-IDRI-0169,train
series_148_nodule_2\slice_3.png,1,LIDC-IDRI-0169,train
series_148_nodule_2\slice_4.png,1,LIDC-IDRI-0169,train
series_149_nodule_0\slice_0.png,2,LIDC-IDRI-0170,train
series_149_nodule_0\slice_1.png,2,LIDC-IDRI-0170,train
series_149_nodule_0\slice_10.png,2,LIDC-IDRI-0170,train
series_149_nodule_0\slice_11.png,2,LIDC-IDRI-0170,train
series_149_nodule_0\slice_12.png,2,LIDC-IDRI-0170,train
series_149_nodule_0\slice_13.png,2,LIDC-IDRI-0170,train
series_149_nodule_0\slice_2.png,2,LIDC-IDRI-0170,train
series_149_nodule_0\slice_3.png,2,LIDC-IDRI-0170,train
series_149_nodule_0\slice_4.png,2,LIDC-IDRI-0170,train
series_149_nodule_0\slice_5.png,2,LIDC-IDRI-0170,train
series_149_nodule_0\slice_6.png,2,LIDC-IDRI-0170,train
series_149_nodule_0\slice_7.png,2,LIDC-IDRI-0170,train
series_149_nodule_0\slice_8.png,2,LIDC-IDRI-0170,train
series_149_nodule_0\slice_9.png,2,LIDC-IDRI-0170,train
series_150_nodule_0\slice_0.png,1,LIDC-IDRI-0171,train
series_150_nodule_0\slice_1.png,1,LIDC-IDRI-0171,train
series_150_nodule_0\slice_2.png,1,LIDC-IDRI-0171,train
series_150_nodule_1\slice_0.png,1,LIDC-IDRI-0171,train
series_150_nodule_1\slice_1.png,1,LIDC-IDRI-0171,train
series_150_nodule_2\slice_0.png,1,LIDC-IDRI-0171,train
series_150_nodule_2\slice_1.png,1,LIDC-IDRI-0171,train
series_150_nodule_3\slice_0.png,2,LIDC-IDRI-0171,train
series_150_nodule_3\slice_1.png,2,LIDC-IDRI-0171,train
series_150_nodule_3\slice_2.png,2,LIDC-IDRI-0171,train
series_150_nodule_3\slice_3.png,2,LIDC-IDRI-0171,train
series_150_nodule_3\slice_4.png,2,LIDC-IDRI-0171,train
series_150_nodule_3\slice_5.png,2,LIDC-IDRI-0171,train
series_151_nodule_0\slice_0.png,2,LIDC-IDRI-0172,test
series_151_nodule_0\slice_1.png,2,LIDC-IDRI-0172,test
series_151_nodule_0\slice_2.png,2,LIDC-IDRI-0172,test
series_151_nodule_0\slice_3.png,2,LIDC-IDRI-0172,test
series_151_nodule_0\slice_4.png,2,LIDC-IDRI-0172,test
series_151_nodule_0\slice_5.png,2,LIDC-IDRI-0172,test
series_151_nodule_0\slice_6.png,2,LIDC-IDRI-0172,test
series_151_nodule_0\slice_7.png,2,LIDC-IDRI-0172,test
series_154_nodule_0\slice_0.png,1,LIDC-IDRI-0175,train
series_154_nodule_0\slice_1.png,1,LIDC-IDRI-0175,train
series_154_nodule_0\slice_2.png,1,LIDC-IDRI-0175,train
series_154_nodule_0\slice_3.png,1,LIDC-IDRI-0175,train
series_155_nodule_0\slice_0.png,0,LIDC-IDRI-0176,test
series_155_nodule_0\slice_1.png,0,LIDC-IDRI-0176,test
series_156_nodule_0\slice_0.png,1,LIDC-IDRI-0177,train
series_156_nodule_0\slice_1.png,1,LIDC-IDRI-0177,train
series_156_nodule_0\slice_2.png,1,LIDC-IDRI-0177,train
series_156_nodule_0\slice_3.png,1,LIDC-IDRI-0177,train
series_156_nodule_1\slice_0.png,1,LIDC-IDRI-0177,train
series_156_nodule_1\slice_1.png,1,LIDC-IDRI-0177,train
series_156_nodule_1\slice_2.png,1,LIDC-IDRI-0177,train
series_158_nodule_0\slice_0.png,1,LIDC-IDRI-0179,train
series_158_nodule_0\slice_1.png,1,LIDC-IDRI-0179,train
series_158_nodule_0\slice_2.png,1,LIDC-IDRI-0179,train
series_158_nodule_0\slice_3.png,1,LIDC-IDRI-0179,train
series_158_nodule_0\slice_4.png,1,LIDC-IDRI-0179,train
series_158_nodule_0\slice_5.png,1,LIDC-IDRI-0179,train
series_158_nodule_1\slice_0.png,1,LIDC-IDRI-0179,train
series_158_nodule_1\slice_1.png,1,LIDC-IDRI-0179,train
series_158_nodule_1\slice_2.png,1,LIDC-IDRI-0179,train
series_158_nodule_2\slice_0.png,1,LIDC-IDRI-0179,train
series_158_nodule_2\slice_1.png,1,LIDC-IDRI-0179,train
series_158_nodule_2\slice_2.png,1,LIDC-IDRI-0179,train
series_158_nodule_3\slice_0.png,2,LIDC-IDRI-0179,train
series_158_nodule_3\slice_1.png,2,LIDC-IDRI-0179,train
series_158_nodule_3\slice_2.png,2,LIDC-IDRI-0179,train
series_158_nodule_3\slice_3.png,2,LIDC-IDRI-0179,train
series_158_nodule_3\slice_4.png,2,LIDC-IDRI-0179,train
series_158_nodule_4\slice_0.png,1,LIDC-IDRI-0179,train
series_158_nodule_4\slice_1.png,1,LIDC-IDRI-0179,train
series_160_nodule_0\slice_0.png,1,LIDC-IDRI-0181,train
series_160_nodule_0\slice_1.png,1,LIDC-IDRI-0181,train
series_160_nodule_0\slice_2.png,1,LIDC-IDRI-0181,train
series_160_nodule_0\slice_3.png,1,LIDC-IDRI-0181,train
series_160_nodule_0\slice_4.png,1,LIDC-IDRI-0181,train
series_160_nodule_1\slice_0.png,1,LIDC-IDRI-0181,train
series_160_nodule_1\slice_1.png,1,LIDC-IDRI-0181,train
series_160_nodule_1\slice_2.png,1,LIDC-IDRI-0181,train
series_160_nodule_1\slice_3.png,1,LIDC-IDRI-0181,train
series_160_nodule_2\slice_0.png,1,LIDC-IDRI-0181,train
series_160_nodule_2\slice_1.png,1,LIDC-IDRI-0181,train
series_160_nodule_2\slice_2.png,1,LIDC-IDRI-0181,train
series_160_nodule_2\slice_3.png,1,LIDC-IDRI-0181,train
series_160_nodule_2\slice_4.png,1,LIDC-IDRI-0181,train
series_160_nodule_2\slice_5.png,1,LIDC-IDRI-0181,train
series_160_nodule_3\slice_0.png,0,LIDC-IDRI-0181,train
series_160_nodule_3\slice_1.png,0,LIDC-IDRI-0181,train
series_160_nodule_3\slice_2.png,0,LIDC-IDRI-0181,train
series_160_nodule_3\slice_3.png,0,LIDC-IDRI-0181,train
series_160_nodule_3\slice_4.png,0,LIDC-IDRI-0181,train
series_160_nodule_3\slice_5.png,0,LIDC-IDRI-0181,train
series_160_nodule_4\slice_0.png,2,LIDC-IDRI-0181,train
series_160_nodule_4\slice_1.png,2,LIDC-IDRI-0181,train
series_160_nodule_4\slice_2.png,2,LIDC-IDRI-0181,train
series_160_nodule_4\slice_3.png,2,LIDC-IDRI-0181,train
series_160_nodule_4\slice_4.png,2,LIDC-IDRI-0181,train
series_160_nodule_4\slice_5.png,2,LIDC-IDRI-0181,train
series_161_nodule_0\slice_0.png,1,LIDC-IDRI-0182,train
series_161_nodule_0\slice_1.png,1,LIDC-IDRI-0182,train
series_161_nodule_0\slice_2.png,1,LIDC-IDRI-0182,train
series_161_nodule_0\slice_3.png,1,LIDC-IDRI-0182,train
series_161_nodule_1\slice_0.png,0,LIDC-IDRI-0182,train
series_161_nodule_1\slice_1.png,0,LIDC-IDRI-0182,train
series_162_nodule_0\slice_0.png,1,LIDC-IDRI-0183,train
series_162_nodule_0\slice_1.png,1,LIDC-IDRI-0183,train
series_162_nodule_0\slice_2.png,1,LIDC-IDRI-0183,train
series_162_nodule_0\slice_3.png,1,LIDC-IDRI-0183,train
series_162_nodule_0\slice_4.png,1,LIDC-IDRI-0183,train
series_162_nodule_1\slice_0.png,2,LIDC-IDRI-0183,train
series_162_nodule_1\slice_1.png,2,LIDC-IDRI-0183,train
series_162_nodule_1\slice_2.png,2,LIDC-IDRI-0183,train
series_162_nodule_1\slice_3.png,2,LIDC-IDRI-0183,train
series_162_nodule_1\slice_4.png,2,LIDC-IDRI-0183,train
series_162_nodule_1\slice_5.png,2,LIDC-IDRI-0183,train
series_162_nodule_1\slice_6.png,2,LIDC-IDRI-0183,train
series_162_nodule_1\slice_7.png,2,LIDC-IDRI-0183,train
series_162_nodule_1\slice_8.png,2,LIDC-IDRI-0183,train
series_162_nodule_1\slice_9.png,2,LIDC-IDRI-0183,train
series_162_nodule_2\slice_0.png,2,LIDC-IDRI-0183,train
series_162_nodule_2\slice_1.png,2,LIDC-IDRI-0183,train
series_162_nodule_2\slice_2.png,2,LIDC-IDRI-0183,train
series_162_nodule_2\slice_3.png,2,LIDC-IDRI-0183,train
series_162_nodule_2\slice_4.png,2,LIDC-IDRI-0183,train
series_162_nodule_2\slice_5.png,2,LIDC-IDRI-0183,train
series_162_nodule_2\slice_6.png,2,LIDC-IDRI-0183,train
series_162_nodule_2\slice_7.png,2,LIDC-IDRI-0183,train
series_162_nodule_2\slice_8.png,2,LIDC-IDRI-0183,train
series_163_nodule_0\slice_0.png,1,LIDC-IDRI-0184,val
series_163_nodule_0\slice_1.png,1,LIDC-IDRI-0184,val
series_163_nodule_0\slice_2.png,1,LIDC-IDRI-0184,val
series_164_nodule_0\slice_0.png,0,LIDC-IDRI-0185,train
series_164_nodule_0\slice_1.png,0,LIDC-IDRI-0185,train
series_164_nodule_1\slice_0.png,0,LIDC-IDRI-0185,train
series_164_nodule_1\slice_1.png,0,LIDC-IDRI-0185,train
series_164_nodule_1\slice_2.png,0,LIDC-IDRI-0185,train
series_164_nodule_2\slice_0.png,1,LIDC-IDRI-0185,train
series_164_nodule_2\slice_1.png,1,LIDC-IDRI-0185,train
series_164_nodule_2\slice_2.png,1,LIDC-IDRI-0185,train
series_164_nodule_3\slice_0.png,1,LIDC-IDRI-0185,train
series_164_nodule_3\slice_1.png,1,LIDC-IDRI-0185,train
series_164_nodule_4\slice_0.png,1,LIDC-IDRI-0185,train
series_164_nodule_4\slice_1.png,1,LIDC-IDRI-0185,train
series_164_nodule_4\slice_2.png,1,LIDC-IDRI-0185,train
series_164_nodule_4\slice_3.png,1,LIDC-IDRI-0185,train
series_164_nodule_5\slice_0.png,0,LIDC-IDRI-0185,train
series_164_nodule_5\slice_1.png,0,LIDC-IDRI-0185,train
series_164_nodule_5\slice_2.png,0,LIDC-IDRI-0185,train
series_164_nodule_5\slice_3.png,0,LIDC-IDRI-0185,train
series_165_nodule_0\slice_0.png,2,LIDC-IDRI-0186,train
series_165_nodule_0\slice_1.png,2,LIDC-IDRI-0186,train
series_165_nodule_0\slice_2.png,2,LIDC-IDRI-0186,train
series_165_nodule_0\slice_3.png,2,LIDC-IDRI-0186,train
series_165_nodule_1\slice_0.png,1,LIDC-IDRI-0186,train
series_165_nodule_1\slice_1.png,1,LIDC-IDRI-0186,train
series_165_nodule_1\slice_2.png,1,LIDC-IDRI-0186,train
series_165_nodule_1\slice_3.png,1,LIDC-IDRI-0186,train
series_165_nodule_1\slice_4.png,1,LIDC-IDRI-0186,train
series_165_nodule_1\slice_5.png,1,LIDC-IDRI-0186,train
series_165_nodule_1\slice_6.png,1,LIDC-IDRI-0186,train
series_165_nodule_1\slice_7.png,1,LIDC-IDRI-0186,train
series_165_nodule_1\slice_8.png,1,LIDC-IDRI-0186,train
series_165_nodule_2\slice_0.png,0,LIDC-IDRI-0186,train
series_165_nodule_2\slice_1.png,0,LIDC-IDRI-0186,train
series_166_nodule_0\slice_0.png,2,LIDC-IDRI-0187,train
series_166_nodule_0\slice_1.png,2,LIDC-IDRI-0187,train
series_166_nodule_0\slice_2.png,2,LIDC-IDRI-0187,train
series_166_nodule_0\slice_3.png,2,LIDC-IDRI-0187,train
series_166_nodule_0\slice_4.png,2,LIDC-IDRI-0187,train
series_166_nodule_0\slice_5.png,2,LIDC-IDRI-0187,train
series_166_nodule_0\slice_6.png,2,LIDC-IDRI-0187,train
series_166_nodule_0\slice_7.png,2,LIDC-IDRI-0187,train
series_166_nodule_1\slice_0.png,1,LIDC-IDRI-0187,train
series_166_nodule_1\slice_1.png,1,LIDC-IDRI-0187,train
series_167_nodule_0\slice_0.png,1,LIDC-IDRI-0188,train
series_167_nodule_0\slice_1.png,1,LIDC-IDRI-0188,train
series_167_nodule_0\slice_2.png,1,LIDC-IDRI-0188,train
series_167_nodule_1\slice_0.png,1,LIDC-IDRI-0188,train
series_167_nodule_1\slice_1.png,1,LIDC-IDRI-0188,train
series_167_nodule_1\slice_2.png,1,LIDC-IDRI-0188,train
series_167_nodule_2\slice_0.png,1,LIDC-IDRI-0188,train
series_167_nodule_2\slice_1.png,1,LIDC-IDRI-0188,train
series_167_nodule_3\slice_0.png,2,LIDC-IDRI-0188,train
series_167_nodule_3\slice_1.png,2,LIDC-IDRI-0188,train
series_167_nodule_3\slice_2.png,2,LIDC-IDRI-0188,train
series_167_nodule_3\slice_3.png,2,LIDC-IDRI-0188,train
series_167_nodule_3\slice_4.png,2,LIDC-IDRI-0188,train
series_167_nodule_3\slice_5.png,2,LIDC-IDRI-0188,train
series_167_nodule_3\slice_6.png,2,LIDC-IDRI-0188,train
series_167_nodule_3\slice_7.png,2,LIDC-IDRI-0188,train
series_167_nodule_3\slice_8.png,2,LIDC-IDRI-0188,train
series_167_nodule_4\slice_0.png,1,LIDC-IDRI-0188,train
series_167_nodule_4\slice_1.png,1,LIDC-IDRI-0188,train
series_169_nodule_0\slice_0.png,1,LIDC-IDRI-0190,val
series_169_nodule_0\slice_1.png,1,LIDC-IDRI-0190,val
series_169_nodule_0\slice_2.png,1,LIDC-IDRI-0190,val
series_169_nodule_0\slice_3.png,1,LIDC-IDRI-0190,val
series_169_nodule_0\slice_4.png,1,LIDC-IDRI-0190,val
series_169_nodule_0\slice_5.png,1,LIDC-IDRI-0190,val
series_169_nodule_0\slice_6.png,1,LIDC-IDRI-0190,val
series_169_nodule_1\slice_0.png,2,LIDC-IDRI-0190,val
series_169_nodule_1\slice_1.png,2,LIDC-IDRI-0190,val
series_169_nodule_1\slice_2.png,2,LIDC-IDRI-0190,val
series_169_nodule_1\slice_3.png,2,LIDC-IDRI-0190,val
series_169_nodule_1\slice_4.png,2,LIDC-IDRI-0190,val
series_169_nodule_1\slice_5.png,2,LIDC-IDRI-0190,val
series_169_nodule_1\slice_6.png,2,LIDC-IDRI-0190,val
series_169_nodule_1\slice_7.png,2,LIDC-IDRI-0190,val
series_169_nodule_1\slice_8.png,2,LIDC-IDRI-0190,val
series_169_nodule_1\slice_9.png,2,LIDC-IDRI-0190,val
series_171_nodule_0\slice_0.png,1,LIDC-IDRI-0192,train
series_171_nodule_0\slice_1.png,1,LIDC-IDRI-0192,train
series_171_nodule_0\slice_2.png,1,LIDC-IDRI-0192,train
series_171_nodule_0\slice_3.png,1,LIDC-IDRI-0192,train
series_171_nodule_0\slice_4.png,1,LIDC-IDRI-0192,train
series_171_nodule_0\slice_5.png,1,LIDC-IDRI-0192,train
series_171_nodule_1\slice_0.png,1,LIDC-IDRI-0192,train
series_171_nodule_1\slice_1.png,1,LIDC-IDRI-0192,train
series_171_nodule_1\slice_2.png,1,LIDC-IDRI-0192,train
series_171_nodule_1\slice_3.png,1,LIDC-IDRI-0192,train
series_171_nodule_2\slice_0.png,1,LIDC-IDRI-0192,train
series_171_nodule_2\slice_1.png,1,LIDC-IDRI-0192,train
series_171_nodule_2\slice_2.png,1,LIDC-IDRI-0192,train
series_171_nodule_2\slice_3.png,1,LIDC-IDRI-0192,train
series_172_nodule_0\slice_0.png,1,LIDC-IDRI-0193,train
series_172_nodule_0\slice_1.png,1,LIDC-IDRI-0193,train
series_172_nodule_0\slice_2.png,1,LIDC-IDRI-0193,train
series_173_nodule_0\slice_0.png,2,LIDC-IDRI-0194,test
series_173_nodule_0\slice_1.png,2,LIDC-IDRI-0194,test
series_173_nodule_0\slice_2.png,2,LIDC-IDRI-0194,test
series_173_nodule_0\slice_3.png,2,LIDC-IDRI-0194,test
series_173_nodule_0\slice_4.png,2,LIDC-IDRI-0194,test
series_173_nodule_1\slice_0.png,2,LIDC-IDRI-0194,test
series_173_nodule_1\slice_1.png,2,LIDC-IDRI-0194,test
series_173_nodule_1\slice_2.png,2,LIDC-IDRI-0194,test
series_173_nodule_1\slice_3.png,2,LIDC-IDRI-0194,test
series_173_nodule_1\slice_4.png,2,LIDC-IDRI-0194,test
series_174_nodule_0\slice_0.png,2,LIDC-IDRI-0195,val
series_174_nodule_0\slice_1.png,2,LIDC-IDRI-0195,val
series_174_nodule_0\slice_2.png,2,LIDC-IDRI-0195,val
series_174_nodule_0\slice_3.png,2,LIDC-IDRI-0195,val
series_174_nodule_1\slice_0.png,2,LIDC-IDRI-0195,val
series_174_nodule_1\slice_1.png,2,LIDC-IDRI-0195,val
series_174_nodule_1\slice_2.png,2,LIDC-IDRI-0195,val
series_174_nodule_1\slice_3.png,2,LIDC-IDRI-0195,val
series_174_nodule_1\slice_4.png,2,LIDC-IDRI-0195,val
series_174_nodule_1\slice_5.png,2,LIDC-IDRI-0195,val
series_174_nodule_2\slice_0.png,2,LIDC-IDRI-0195,val
series_174_nodule_2\slice_1.png,2,LIDC-IDRI-0195,val
series_174_nodule_2\slice_2.png,2,LIDC-IDRI-0195,val
series_174_nodule_2\slice_3.png,2,LIDC-IDRI-0195,val
series_174_nodule_2\slice_4.png,2,LIDC-IDRI-0195,val
series_174_nodule_2\slice_5.png,2,LIDC-IDRI-0195,val
series_174_nodule_2\slice_6.png,2,LIDC-IDRI-0195,val
series_174_nodule_3\slice_0.png,2,LIDC-IDRI-0195,val
series_174_nodule_3\slice_1.png,2,LIDC-IDRI-0195,val
series_174_nodule_3\slice_2.png,2,LIDC-IDRI-0195,val
series_174_nodule_3\slice_3.png,2,LIDC-IDRI-0195,val
series_174_nodule_4\slice_0.png,2,LIDC-IDRI-0195,val
series_174_nodule_4\slice_1.png,2,LIDC-IDRI-0195,val
series_174_nodule_4\slice_2.png,2,LIDC-IDRI-0195,val
series_174_nodule_4\slice_3.png,2,LIDC-IDRI-0195,val
series_174_nodule_4\slice_4.png,2,LIDC-IDRI-0195,val
series_174_nodule_4\slice_5.png,2,LIDC-IDRI-0195,val
series_174_nodule_5\slice_0.png,1,LIDC-IDRI-0195,val
series_174_nodule_5\slice_1.png,1,LIDC-IDRI-0195,val
series_174_nodule_5\slice_2.png,1,LIDC-IDRI-0195,val
series_174_nodule_5\slice_3.png,1,LIDC-IDRI-0195,val
series_174_nodule_5\slice_4.png,1,LIDC-IDRI-0195,val
series_174_nodule_5\slice_5.png,1,LIDC-IDRI-0195,val
series_174_nodule_5\slice_6.png,1,LIDC-IDRI-0195,val
series_174_nodule_5\slice_7.png,1,LIDC-IDRI-0195,val
series_175_nodule_0\slice_0.png,2,LIDC-IDRI-0196,train
series_175_nodule_0\slice_1.png,2,LIDC-IDRI-0196,train
series_175_nodule_0\slice_2.png,2,LIDC-IDRI-0196,train
series_175_nodule_0\slice_3.png,2,LIDC-IDRI-0196,train
series_175_nodule_0\slice_4.png,2,LIDC-IDRI-0196,train
series_178_nodule_0\slice_0.png,1,LIDC-IDRI-0199,train
series_178_nodule_0\slice_1.png,1,LIDC-IDRI-0199,train
series_178_nodule_0\slice_10.png,1,LIDC-IDRI-0199,train
series_178_nodule_0\slice_11.png,1,LIDC-IDRI-0199,train
series_178_nodule_0\slice_2.png,1,LIDC-IDRI-0199,train
series_178_nodule_0\slice_3.png,1,LIDC-IDRI-0199,train
series_178_nodule_0\slice_4.png,1,LIDC-IDRI-0199,train
series_178_nodule_0\slice_5.png,1,LIDC-IDRI-0199,train
series_178_nodule_0\slice_6.png,1,LIDC-IDRI-0199,train
series_178_nodule_0\slice_7.png,1,LIDC-IDRI-0199,train
series_178_nodule_0\slice_8.png,1,LIDC-IDRI-0199,train
series_178_nodule_0\slice_9.png,1,LIDC-IDRI-0199,train
series_178_nodule_1\slice_0.png,0,LIDC-IDRI-0199,train
series_178_nodule_1\slice_1.png,0,LIDC-IDRI-0199,train
series_178_nodule_1\slice_2.png,0,LIDC-IDRI-0199,train
series_181_nodule_0\slice_0.png,1,LIDC-IDRI-0202,train
series_181_nodule_0\slice_1.png,1,LIDC-IDRI-0202,train
series_182_nodule_0\slice_0.png,0,LIDC-IDRI-0203,val
series_182_nodule_0\slice_1.png,0,LIDC-IDRI-0203,val
series_182_nodule_0\slice_2.png,0,LIDC-IDRI-0203,val
series_182_nodule_1\slice_0.png,2,LIDC-IDRI-0203,val
series_182_nodule_1\slice_1.png,2,LIDC-IDRI-0203,val
series_182_nodule_1\slice_2.png,2,LIDC-IDRI-0203,val
series_182_nodule_1\slice_3.png,2,LIDC-IDRI-0203,val
series_182_nodule_1\slice_4.png,2,LIDC-IDRI-0203,val
series_182_nodule_1\slice_5.png,2,LIDC-IDRI-0203,val
series_182_nodule_1\slice_6.png,2,LIDC-IDRI-0203,val
series_182_nodule_1\slice_7.png,2,LIDC-IDRI-0203,val
series_182_nodule_1\slice_8.png,2,LIDC-IDRI-0203,val
series_182_nodule_1\slice_9.png,2,LIDC-IDRI-0203,val
series_185_nodule_0\slice_0.png,2,LIDC-IDRI-0206,train
series_185_nodule_0\slice_1.png,2,LIDC-IDRI-0206,train
series_185_nodule_0\slice_2.png,2,LIDC-IDRI-0206,train
series_185_nodule_0\slice_3.png,2,LIDC-IDRI-0206,train
series_185_nodule_0\slice_4.png,2,LIDC-IDRI-0206,train
series_185_nodule_0\slice_5.png,2,LIDC-IDRI-0206,train
series_185_nodule_0\slice_6.png,2,LIDC-IDRI-0206,train
series_185_nodule_0\slice_7.png,2,LIDC-IDRI-0206,train
series_185_nodule_1\slice_0.png,0,LIDC-IDRI-0206,train
series_185_nodule_1\slice_1.png,0,LIDC-IDRI-0206,train
series_185_nodule_1\slice_2.png,0,LIDC-IDRI-0206,train
series_185_nodule_1\slice_3.png,0,LIDC-IDRI-0206,train
series_185_nodule_2\slice_0.png,1,LIDC-IDRI-0206,train
series_185_nodule_2\slice_1.png,1,LIDC-IDRI-0206,train
series_185_nodule_2\slice_2.png,1,LIDC-IDRI-0206,train
series_185_nodule_2\slice_3.png,1,LIDC-IDRI-0206,train
series_185_nodule_2\slice_4.png,1,LIDC-IDRI-0206,train
series_186_nodule_0\slice_0.png,1,LIDC-IDRI-0207,train
series_186_nodule_0\slice_1.png,1,LIDC-IDRI-0207,train
series_186_nodule_0\slice_2.png,1,LIDC-IDRI-0207,train
series_186_nodule_0\slice_3.png,1,LIDC-IDRI-0207,train
series_186_nodule_0\slice_4.png,1,LIDC-IDRI-0207,train
series_187_nodule_0\slice_0.png,1,LIDC-IDRI-0208,test
series_187_nodule_0\slice_1.png,1,LIDC-IDRI-0208,test
series_187_nodule_0\slice_2.png,1,LIDC-IDRI-0208,test
series_187_nodule_1\slice_0.png,1,LIDC-IDRI-0208,test
series_187_nodule_1\slice_1.png,1,LIDC-IDRI-0208,test
series_187_nodule_1\slice_2.png,1,LIDC-IDRI-0208,test
series_187_nodule_2\slice_0.png,1,LIDC-IDRI-0208,test
series_187_nodule_2\slice_1.png,1,LIDC-IDRI-0208,test
series_188_nodule_0\slice_0.png,1,LIDC-IDRI-0209,train
series_188_nodule_0\slice_1.png,1,LIDC-IDRI-0209,train
series_188_nodule_0\slice_2.png,1,LIDC-IDRI-0209,train
series_188_nodule_0\slice_3.png,1,LIDC-IDRI-0209,train
series_188_nodule_0\slice_4.png,1,LIDC-IDRI-0209,train
series_188_nodule_0\slice_5.png,1,LIDC-IDRI-0209,train
series_188_nodule_0\slice_6.png,1,LIDC-IDRI-0209,train
series_188_nodule_0\slice_7.png,1,LIDC-IDRI-0209,train
series_189_nodule_0\slice_0.png,1,LIDC-IDRI-0210,train
series_189_nodule_0\slice_1.png,1,LIDC-IDRI-0210,train
series_189_nodule_0\slice_2.png,1,LIDC-IDRI-0210,train
series_191_nodule_0\slice_0.png,0,LIDC-IDRI-0212,train
series_191_nodule_0\slice_1.png,0,LIDC-IDRI-0212,train
series_192_nodule_0\slice_0.png,0,LIDC-IDRI-0213,train
series_192_nodule_0\slice_1.png,0,LIDC-IDRI-0213,train
series_192_nodule_0\slice_2.png,0,LIDC-IDRI-0213,train
series_192_nodule_0\slice_3.png,0,LIDC-IDRI-0213,train
series_194_nodule_0\slice_0.png,0,LIDC-IDRI-0215,train
series_194_nodule_0\slice_1.png,0,LIDC-IDRI-0215,train
series_194_nodule_0\slice_2.png,0,LIDC-IDRI-0215,train
series_194_nodule_0\slice_3.png,0,LIDC-IDRI-0215,train
series_194_nodule_1\slice_0.png,1,LIDC-IDRI-0215,train
series_194_nodule_1\slice_1.png,1,LIDC-IDRI-0215,train
series_194_nodule_1\slice_2.png,1,LIDC-IDRI-0215,train
series_194_nodule_2\slice_0.png,1,LIDC-IDRI-0215,train
series_194_nodule_2\slice_1.png,1,LIDC-IDRI-0215,train
series_194_nodule_3\slice_0.png,1,LIDC-IDRI-0215,train
series_194_nodule_3\slice_1.png,1,LIDC-IDRI-0215,train
series_195_nodule_0\slice_0.png,1,LIDC-IDRI-0216,train
series_195_nodule_0\slice_1.png,1,LIDC-IDRI-0216,train
series_195_nodule_0\slice_2.png,1,LIDC-IDRI-0216,train
series_196_nodule_0\slice_0.png,1,LIDC-IDRI-0217,val
series_196_nodule_0\slice_1.png,1,LIDC-IDRI-0217,val
series_196_nodule_0\slice_2.png,1,LIDC-IDRI-0217,val
series_196_nodule_0\slice_3.png,1,LIDC-IDRI-0217,val
series_196_nodule_0\slice_4.png,1,LIDC-IDRI-0217,val
series_196_nodule_1\slice_0.png,1,LIDC-IDRI-0217,val
series_196_nodule_1\slice_1.png,1,LIDC-IDRI-0217,val
series_196_nodule_1\slice_2.png,1,LIDC-IDRI-0217,val
series_196_nodule_1\slice_3.png,1,LIDC-IDRI-0217,val
series_196_nodule_2\slice_0.png,2,LIDC-IDRI-0217,val
series_196_nodule_2\slice_1.png,2,LIDC-IDRI-0217,val
series_196_nodule_2\slice_2.png,2,LIDC-IDRI-0217,val
series_196_nodule_2\slice_3.png,2,LIDC-IDRI-0217,val
series_196_nodule_2\slice_4.png,2,LIDC-IDRI-0217,val
series_197_nodule_0\slice_0.png,1,LIDC-IDRI-0219,train
series_197_nodule_0\slice_1.png,1,LIDC-IDRI-0219,train
series_197_nodule_0\slice_2.png,1,LIDC-IDRI-0219,train
series_197_nodule_0\slice_3.png,1,LIDC-IDRI-0219,train
series_198_nodule_0\slice_0.png,1,LIDC-IDRI-0220,test
series_198_nodule_0\slice_1.png,1,LIDC-IDRI-0220,test
series_198_nodule_0\slice_2.png,1,LIDC-IDRI-0220,test
series_198_nodule_0\slice_3.png,1,LIDC-IDRI-0220,test
series_198_nodule_0\slice_4.png,1,LIDC-IDRI-0220,test
series_198_nodule_0\slice_5.png,1,LIDC-IDRI-0220,test
series_198_nodule_1\slice_0.png,1,LIDC-IDRI-0220,test
series_198_nodule_1\slice_1.png,1,LIDC-IDRI-0220,test
series_198_nodule_1\slice_2.png,1,LIDC-IDRI-0220,test
series_198_nodule_1\slice_3.png,1,LIDC-IDRI-0220,test
series_198_nodule_1\slice_4.png,1,LIDC-IDRI-0220,test
series_198_nodule_1\slice_5.png,1,LIDC-IDRI-0220,test
series_198_nodule_1\slice_6.png,1,LIDC-IDRI-0220,test
series_198_nodule_2\slice_0.png,2,LIDC-IDRI-0220,test
series_198_nodule_2\slice_1.png,2,LIDC-IDRI-0220,test
series_198_nodule_2\slice_2.png,2,LIDC-IDRI-0220,test
series_198_nodule_2\slice_3.png,2,LIDC-IDRI-0220,test
series_198_nodule_2\slice_4.png,2,LIDC-IDRI-0220,test
series_198_nodule_2\slice_5.png,2,LIDC-IDRI-0220,test
series_198_nodule_2\slice_6.png,2,LIDC-IDRI-0220,test
series_198_nodule_3\slice_0.png,2,LIDC-IDRI-0220,test
series_198_nodule_3\slice_1.png,2,LIDC-IDRI-0220,test
series_198_nodule_3\slice_2.png,2,LIDC-IDRI-0220,test
series_198_nodule_3\slice_3.png,2,LIDC-IDRI-0220,test
series_198_nodule_3\slice_4.png,2,LIDC-IDRI-0220,test
series_198_nodule_3\slice_5.png,2,LIDC-IDRI-0220,test
series_198_nodule_3\slice_6.png,2,LIDC-IDRI-0220,test
series_198_nodule_3\slice_7.png,2,LIDC-IDRI-0220,test
series_198_nodule_3\slice_8.png,2,LIDC-IDRI-0220,test
series_198_nodule_3\slice_9.png,2,LIDC-IDRI-0220,test
series_199_nodule_0\slice_0.png,2,LIDC-IDRI-0221,val
series_199_nodule_0\slice_1.png,2,LIDC-IDRI-0221,val
series_199_nodule_0\slice_2.png,2,LIDC-IDRI-0221,val
series_199_nodule_0\slice_3.png,2,LIDC-IDRI-0221,val
series_199_nodule_0\slice_4.png,2,LIDC-IDRI-0221,val
series_199_nodule_0\slice_5.png,2,LIDC-IDRI-0221,val
series_199_nodule_0\slice_6.png,2,LIDC-IDRI-0221,val
series_199_nodule_0\slice_7.png,2,LIDC-IDRI-0221,val
series_200_nodule_0\slice_0.png,0,LIDC-IDRI-0222,train
series_200_nodule_0\slice_1.png,0,LIDC-IDRI-0222,train
series_200_nodule_0\slice_2.png,0,LIDC-IDRI-0222,train
series_201_nodule_0\slice_0.png,2,LIDC-IDRI-0223,train
series_201_nodule_0\slice_1.png,2,LIDC-IDRI-0223,train
series_201_nodule_0\slice_10.png,2,LIDC-IDRI-0223,train
series_201_nodule_0\slice_11.png,2,LIDC-IDRI-0223,train
series_201_nodule_0\slice_12.png,2,LIDC-IDRI-0223,train
series_201_nodule_0\slice_13.png,2,LIDC-IDRI-0223,train
series_201_nodule_0\slice_14.png,2,LIDC-IDRI-0223,train
series_201_nodule_0\slice_15.png,2,LIDC-IDRI-0223,train
series_201_nodule_0\slice_2.png,2,LIDC-IDRI-0223,train
series_201_nodule_0\slice_3.png,2,LIDC-IDRI-0223,train
series_201_nodule_0\slice_4.png,2,LIDC-IDRI-0223,train
series_201_nodule_0\slice_5.png,2,LIDC-IDRI-0223,train
series_201_nodule_0\slice_6.png,2,LIDC-IDRI-0223,train
series_201_nodule_0\slice_7.png,2,LIDC-IDRI-0223,train
series_201_nodule_0\slice_8.png,2,LIDC-IDRI-0223,train
series_201_nodule_0\slice_9.png,2,LIDC-IDRI-0223,train
series_201_nodule_1\slice_0.png,2,LIDC-IDRI-0223,train
series_201_nodule_1\slice_1.png,2,LIDC-IDRI-0223,train
series_201_nodule_1\slice_10.png,2,LIDC-IDRI-0223,train
series_201_nodule_1\slice_11.png,2,LIDC-IDRI-0223,train
series_201_nodule_1\slice_2.png,2,LIDC-IDRI-0223,train
series_201_nodule_1\slice_3.png,2,LIDC-IDRI-0223,train
series_201_nodule_1\slice_4.png,2,LIDC-IDRI-0223,train
series_201_nodule_1\slice_5.png,2,LIDC-IDRI-0223,train
series_201_nodule_1\slice_6.png,2,LIDC-IDRI-0223,train
series_201_nodule_1\slice_7.png,2,LIDC-IDRI-0223,train
series_201_nodule_1\slice_8.png,2,LIDC-IDRI-0223,train
series_201_nodule_1\slice_9.png,2,LIDC-IDRI-0223,train
series_205_nodule_0\slice_0.png,1,LIDC-IDRI-0227,train
series_205_nodule_0\slice_1.png,1,LIDC-IDRI-0227,train
series_205_nodule_0\slice_2.png,1,LIDC-IDRI-0227,train
series_205_nodule_1\slice_0.png,1,LIDC-IDRI-0227,train
series_205_nodule_1\slice_1.png,1,LIDC-IDRI-0227,train
series_205_nodule_1\slice_2.png,1,LIDC-IDRI-0227,train
series_205_nodule_1\slice_3.png,1,LIDC-IDRI-0227,train
series_206_nodule_0\slice_0.png,1,LIDC-IDRI-0228,train
series_206_nodule_0\slice_1.png,1,LIDC-IDRI-0228,train
series_206_nodule_0\slice_2.png,1,LIDC-IDRI-0228,train
series_206_nodule_0\slice_3.png,1,LIDC-IDRI-0228,train
series_206_nodule_0\slice_4.png,1,LIDC-IDRI-0228,train
series_207_nodule_0\slice_0.png,2,LIDC-IDRI-0229,test
series_207_nodule_0\slice_1.png,2,LIDC-IDRI-0229,test
series_207_nodule_0\slice_2.png,2,LIDC-IDRI-0229,test
series_207_nodule_0\slice_3.png,2,LIDC-IDRI-0229,test
series_207_nodule_0\slice_4.png,2,LIDC-IDRI-0229,test
series_207_nodule_0\slice_5.png,2,LIDC-IDRI-0229,test
series_207_nodule_1\slice_0.png,1,LIDC-IDRI-0229,test
series_207_nodule_2\slice_0.png,2,LIDC-IDRI-0229,test
series_207_nodule_2\slice_1.png,2,LIDC-IDRI-0229,test
series_207_nodule_2\slice_2.png,2,LIDC-IDRI-0229,test
series_207_nodule_2\slice_3.png,2,LIDC-IDRI-0229,test
series_207_nodule_3\slice_0.png,2,LIDC-IDRI-0229,test
series_207_nodule_3\slice_1.png,2,LIDC-IDRI-0229,test
series_207_nodule_3\slice_2.png,2,LIDC-IDRI-0229,test
series_207_nodule_3\slice_3.png,2,LIDC-IDRI-0229,test
series_207_nodule_3\slice_4.png,2,LIDC-IDRI-0229,test
series_207_nodule_3\slice_5.png,2,LIDC-IDRI-0229,test
series_207_nodule_3\slice_6.png,2,LIDC-IDRI-0229,test
series_207_nodule_3\slice_7.png,2,LIDC-IDRI-0229,test
series_207_nodule_4\slice_0.png,1,LIDC-IDRI-0229,test
series_207_nodule_5\slice_0.png,2,LIDC-IDRI-0229,test
series_207_nodule_5\slice_1.png,2,LIDC-IDRI-0229,test
series_207_nodule_5\slice_2.png,2,LIDC-IDRI-0229,test
series_207_nodule_6\slice_0.png,2,LIDC-IDRI-0229,test
series_207_nodule_6\slice_1.png,2,LIDC-IDRI-0229,test
series_207_nodule_6\slice_2.png,2,LIDC-IDRI-0229,test
series_207_nodule_6\slice_3.png,2,LIDC-IDRI-0229,test
series_208_nodule_0\slice_0.png,1,LIDC-IDRI-0230,train
series_208_nodule_1\slice_0.png,1,LIDC-IDRI-0230,train
series_208_nodule_1\slice_1.png,1,LIDC-IDRI-0230,train
series_211_nodule_0\slice_0.png,1,LIDC-IDRI-0233,test
series_211_nodule_0\slice_1.png,1,LIDC-IDRI-0233,test
series_211_nodule_1\slice_0.png,1,LIDC-IDRI-0233,test
series_211_nodule_1\slice_1.png,1,LIDC-IDRI-0233,test
series_212_nodule_0\slice_0.png,1,LIDC-IDRI-0234,train
series_212_nodule_0\slice_1.png,1,LIDC-IDRI-0234,train
series_212_nodule_0\slice_2.png,1,LIDC-IDRI-0234,train
series_213_nodule_0\slice_0.png,0,LIDC-IDRI-0235,train
series_213_nodule_0\slice_1.png,0,LIDC-IDRI-0235,train
series_213_nodule_0\slice_2.png,0,LIDC-IDRI-0235,train
series_213_nodule_0\slice_3.png,0,LIDC-IDRI-0235,train
series_214_nodule_0\slice_0.png,1,LIDC-IDRI-0236,test
series_214_nodule_0\slice_1.png,1,LIDC-IDRI-0236,test
series_214_nodule_0\slice_2.png,1,LIDC-IDRI-0236,test
series_214_nodule_0\slice_3.png,1,LIDC-IDRI-0236,test
series_214_nodule_1\slice_0.png,1,LIDC-IDRI-0236,test
series_214_nodule_1\slice_1.png,1,LIDC-IDRI-0236,test
series_214_nodule_1\slice_2.png,1,LIDC-IDRI-0236,test
series_215_nodule_0\slice_0.png,1,LIDC-IDRI-0237,train
series_215_nodule_0\slice_1.png,1,LIDC-IDRI-0237,train
series_215_nodule_0\slice_2.png,1,LIDC-IDRI-0237,train
series_215_nodule_0\slice_3.png,1,LIDC-IDRI-0237,train
series_215_nodule_1\slice_0.png,1,LIDC-IDRI-0237,train
series_215_nodule_1\slice_1.png,1,LIDC-IDRI-0237,train
series_215_nodule_1\slice_2.png,1,LIDC-IDRI-0237,train
series_215_nodule_2\slice_0.png,1,LIDC-IDRI-0237,train
series_215_nodule_2\slice_1.png,1,LIDC-IDRI-0237,train
series_215_nodule_2\slice_2.png,1,LIDC-IDRI-0237,train
series_217_nodule_0\slice_0.png,1,LIDC-IDRI-0240,train
series_217_nodule_0\slice_1.png,1,LIDC-IDRI-0240,train
series_217_nodule_0\slice_2.png,1,LIDC-IDRI-0240,train
series_217_nodule_0\slice_3.png,1,LIDC-IDRI-0240,train
series_217_nodule_1\slice_0.png,2,LIDC-IDRI-0240,train
series_217_nodule_1\slice_1.png,2,LIDC-IDRI-0240,train
series_217_nodule_1\slice_2.png,2,LIDC-IDRI-0240,train
series_217_nodule_1\slice_3.png,2,LIDC-IDRI-0240,train
series_217_nodule_1\slice_4.png,2,LIDC-IDRI-0240,train
series_217_nodule_1\slice_5.png,2,LIDC-IDRI-0240,train
series_218_nodule_0\slice_0.png,1,LIDC-IDRI-0241,train
series_218_nodule_0\slice_1.png,1,LIDC-IDRI-0241,train
series_218_nodule_0\slice_2.png,1,LIDC-IDRI-0241,train
series_218_nodule_1\slice_0.png,1,LIDC-IDRI-0241,train
series_218_nodule_1\slice_1.png,1,LIDC-IDRI-0241,train
series_218_nodule_2\slice_0.png,1,LIDC-IDRI-0241,train
series_218_nodule_2\slice_1.png,1,LIDC-IDRI-0241,train
series_219_nodule_0\slice_0.png,2,LIDC-IDRI-0242,test
series_219_nodule_0\slice_1.png,2,LIDC-IDRI-0242,test
series_219_nodule_0\slice_2.png,2,LIDC-IDRI-0242,test
series_219_nodule_0\slice_3.png,2,LIDC-IDRI-0242,test
series_219_nodule_0\slice_4.png,2,LIDC-IDRI-0242,test
series_219_nodule_0\slice_5.png,2,LIDC-IDRI-0242,test
series_219_nodule_0\slice_6.png,2,LIDC-IDRI-0242,test
series_221_nodule_0\slice_0.png,1,LIDC-IDRI-0244,test
series_221_nodule_0\slice_1.png,1,LIDC-IDRI-0244,test
series_221_nodule_0\slice_2.png,1,LIDC-IDRI-0244,test
series_221_nodule_0\slice_3.png,1,LIDC-IDRI-0244,test
series_221_nodule_0\slice_4.png,1,LIDC-IDRI-0244,test
series_221_nodule_0\slice_5.png,1,LIDC-IDRI-0244,test
series_221_nodule_1\slice_0.png,1,LIDC-IDRI-0244,test
series_221_nodule_1\slice_1.png,1,LIDC-IDRI-0244,test
series_221_nodule_1\slice_2.png,1,LIDC-IDRI-0244,test
series_221_nodule_2\slice_0.png,0,LIDC-IDRI-0244,test
series_221_nodule_2\slice_1.png,0,LIDC-IDRI-0244,test
series_222_nodule_0\slice_0.png,1,LIDC-IDRI-0245,train
series_222_nodule_0\slice_1.png,1,LIDC-IDRI-0245,train
series_223_nodule_0\slice_0.png,1,LIDC-IDRI-0246,train
series_223_nodule_0\slice_1.png,1,LIDC-IDRI-0246,train
series_223_nodule_0\slice_2.png,1,LIDC-IDRI-0246,train
series_224_nodule_0\slice_0.png,1,LIDC-IDRI-0247,train
series_225_nodule_0\slice_0.png,0,LIDC-IDRI-0248,val
series_225_nodule_0\slice_1.png,0,LIDC-IDRI-0248,val
series_226_nodule_0\slice_0.png,1,LIDC-IDRI-0249,train
series_226_nodule_0\slice_1.png,1,LIDC-IDRI-0249,train
series_226_nodule_0\slice_2.png,1,LIDC-IDRI-0249,train
series_226_nodule_0\slice_3.png,1,LIDC-IDRI-0249,train
series_226_nodule_0\slice_4.png,1,LIDC-IDRI-0249,train
series_226_nodule_0\slice_5.png,1,LIDC-IDRI-0249,train
series_227_nodule_0\slice_0.png,1,LIDC-IDRI-0250,train
series_227_nodule_0\slice_1.png,1,LIDC-IDRI-0250,train
series_227_nodule_0\slice_2.png,1,LIDC-IDRI-0250,train
series_227_nodule_0\slice_3.png,1,LIDC-IDRI-0250,train
series_227_nodule_0\slice_4.png,1,LIDC-IDRI-0250,train
series_227_nodule_1\slice_0.png,2,LIDC-IDRI-0250,train
series_227_nodule_1\slice_1.png,2,LIDC-IDRI-0250,train
series_227_nodule_1\slice_2.png,2,LIDC-IDRI-0250,train
series_227_nodule_1\slice_3.png,2,LIDC-IDRI-0250,train
series_228_nodule_0\slice_0.png,1,LIDC-IDRI-0251,train
series_228_nodule_0\slice_1.png,1,LIDC-IDRI-0251,train
series_228_nodule_0\slice_2.png,1,LIDC-IDRI-0251,train
series_231_nodule_0\slice_0.png,1,LIDC-IDRI-0254,train
series_231_nodule_0\slice_1.png,1,LIDC-IDRI-0254,train
series_231_nodule_0\slice_2.png,1,LIDC-IDRI-0254,train
series_231_nodule_1\slice_0.png,1,LIDC-IDRI-0254,train
series_231_nodule_2\slice_0.png,1,LIDC-IDRI-0254,train
series_231_nodule_2\slice_1.png,1,LIDC-IDRI-0254,train
series_232_nodule_0\slice_0.png,1,LIDC-IDRI-0255,test
series_232_nodule_0\slice_1.png,1,LIDC-IDRI-0255,test
series_232_nodule_1\slice_0.png,1,LIDC-IDRI-0255,test
series_232_nodule_1\slice_1.png,1,LIDC-IDRI-0255,test
series_232_nodule_2\slice_0.png,1,LIDC-IDRI-0255,test
series_232_nodule_2\slice_1.png,1,LIDC-IDRI-0255,test
series_232_nodule_2\slice_2.png,1,LIDC-IDRI-0255,test
series_233_nodule_0\slice_0.png,0,LIDC-IDRI-0256,train
series_233_nodule_0\slice_1.png,0,LIDC-IDRI-0256,train
series_233_nodule_0\slice_2.png,0,LIDC-IDRI-0256,train
series_234_nodule_0\slice_0.png,1,LIDC-IDRI-0257,train
series_234_nodule_0\slice_1.png,1,LIDC-IDRI-0257,train
series_234_nodule_0\slice_2.png,1,LIDC-IDRI-0257,train
series_234_nodule_0\slice_3.png,1,LIDC-IDRI-0257,train
series_234_nodule_0\slice_4.png,1,LIDC-IDRI-0257,train
series_235_nodule_0\slice_0.png,1,LIDC-IDRI-0258,train
series_235_nodule_0\slice_1.png,1,LIDC-IDRI-0258,train
series_235_nodule_0\slice_2.png,1,LIDC-IDRI-0258,train
series_235_nodule_1\slice_0.png,1,LIDC-IDRI-0258,train
series_235_nodule_1\slice_1.png,1,LIDC-IDRI-0258,train
series_235_nodule_1\slice_2.png,1,LIDC-IDRI-0258,train
series_236_nodule_0\slice_0.png,1,LIDC-IDRI-0259,train
series_236_nodule_0\slice_1.png,1,LIDC-IDRI-0259,train
series_236_nodule_0\slice_2.png,1,LIDC-IDRI-0259,train
series_236_nodule_0\slice_3.png,1,LIDC-IDRI-0259,train
series_236_nodule_0\slice_4.png,1,LIDC-IDRI-0259,train
series_236_nodule_0\slice_5.png,1,LIDC-IDRI-0259,train
series_237_nodule_0\slice_0.png,1,LIDC-IDRI-0260,train
series_237_nodule_0\slice_1.png,1,LIDC-IDRI-0260,train
series_237_nodule_0\slice_2.png,1,LIDC-IDRI-0260,train
series_237_nodule_0\slice_3.png,1,LIDC-IDRI-0260,train
series_237_nodule_0\slice_4.png,1,LIDC-IDRI-0260,train
series_237_nodule_0\slice_5.png,1,LIDC-IDRI-0260,train
series_237_nodule_1\slice_0.png,2,LIDC-IDRI-0260,train
series_237_nodule_1\slice_1.png,2,LIDC-IDRI-0260,train
series_237_nodule_1\slice_2.png,2,LIDC-IDRI-0260,train
series_237_nodule_1\slice_3.png,2,LIDC-IDRI-0260,train
series_237_nodule_1\slice_4.png,2,LIDC-IDRI-0260,train
series_237_nodule_2\slice_0.png,2,LIDC-IDRI-0260,train
series_237_nodule_2\slice_1.png,2,LIDC-IDRI-0260,train
series_237_nodule_2\slice_2.png,2,LIDC-IDRI-0260,train
series_237_nodule_2\slice_3.png,2,LIDC-IDRI-0260,train
series_239_nodule_0\slice_0.png,0,LIDC-IDRI-0263,train
series_239_nodule_0\slice_1.png,0,LIDC-IDRI-0263,train
series_240_nodule_0\slice_0.png,2,LIDC-IDRI-0264,train
series_240_nodule_0\slice_1.png,2,LIDC-IDRI-0264,train
series_240_nodule_0\slice_10.png,2,LIDC-IDRI-0264,train
series_240_nodule_0\slice_11.png,2,LIDC-IDRI-0264,train
series_240_nodule_0\slice_2.png,2,LIDC-IDRI-0264,train
series_240_nodule_0\slice_3.png,2,LIDC-IDRI-0264,train
series_240_nodule_0\slice_4.png,2,LIDC-IDRI-0264,train
series_240_nodule_0\slice_5.png,2,LIDC-IDRI-0264,train
series_240_nodule_0\slice_6.png,2,LIDC-IDRI-0264,train
series_240_nodule_0\slice_7.png,2,LIDC-IDRI-0264,train
series_240_nodule_0\slice_8.png,2,LIDC-IDRI-0264,train
series_240_nodule_0\slice_9.png,2,LIDC-IDRI-0264,train
series_240_nodule_1\slice_0.png,1,LIDC-IDRI-0264,train
series_240_nodule_1\slice_1.png,1,LIDC-IDRI-0264,train
series_240_nodule_1\slice_2.png,1,LIDC-IDRI-0264,train
series_240_nodule_1\slice_3.png,1,LIDC-IDRI-0264,train
series_240_nodule_1\slice_4.png,1,LIDC-IDRI-0264,train
series_240_nodule_1\slice_5.png,1,LIDC-IDRI-0264,train
series_240_nodule_1\slice_6.png,1,LIDC-IDRI-0264,train
series_241_nodule_0\slice_0.png,2,LIDC-IDRI-0265,train
series_241_nodule_0\slice_1.png,2,LIDC-IDRI-0265,train
series_241_nodule_0\slice_2.png,2,LIDC-IDRI-0265,train
series_241_nodule_0\slice_3.png,2,LIDC-IDRI-0265,train
series_241_nodule_0\slice_4.png,2,LIDC-IDRI-0265,train
series_241_nodule_0\slice_5.png,2,LIDC-IDRI-0265,train
series_241_nodule_0\slice_6.png,2,LIDC-IDRI-0265,train
series_241_nodule_0\slice_7.png,2,LIDC-IDRI-0265,train
series_241_nodule_0\slice_8.png,2,LIDC-IDRI-0265,train
series_243_nodule_0\slice_0.png,0,LIDC-IDRI-0267,train
series_243_nodule_0\slice_1.png,0,LIDC-IDRI-0267,train
series_243_nodule_0\slice_2.png,0,LIDC-IDRI-0267,train
series_245_nodule_0\slice_0.png,1,LIDC-IDRI-0269,test
series_245_nodule_0\slice_1.png,1,LIDC-IDRI-0269,test
series_245_nodule_0\slice_2.png,1,LIDC-IDRI-0269,test
series_246_nodule_0\slice_0.png,0,LIDC-IDRI-0270,val
series_246_nodule_0\slice_1.png,0,LIDC-IDRI-0270,val
series_247_nodule_0\slice_0.png,1,LIDC-IDRI-0271,train
series_247_nodule_0\slice_1.png,1,LIDC-IDRI-0271,train
series_248_nodule_0\slice_0.png,1,LIDC-IDRI-0272,train
series_248_nodule_0\slice_1.png,1,LIDC-IDRI-0272,train
series_249_nodule_0\slice_0.png,1,LIDC-IDRI-0273,train
series_249_nodule_0\slice_1.png,1,LIDC-IDRI-0273,train
series_249_nodule_0\slice_2.png,1,LIDC-IDRI-0273,train
series_249_nodule_1\slice_0.png,1,LIDC-IDRI-0273,train
series_250_nodule_0\slice_0.png,1,LIDC-IDRI-0274,train
series_250_nodule_0\slice_1.png,1,LIDC-IDRI-0274,train
series_250_nodule_0\slice_2.png,1,LIDC-IDRI-0274,train
series_250_nodule_0\slice_3.png,1,LIDC-IDRI-0274,train
series_250_nodule_0\slice_4.png,1,LIDC-IDRI-0274,train
series_252_nodule_0\slice_0.png,2,LIDC-IDRI-0276,val
series_252_nodule_0\slice_1.png,2,LIDC-IDRI-0276,val
series_252_nodule_0\slice_2.png,2,LIDC-IDRI-0276,val
series_253_nodule_0\slice_0.png,1,LIDC-IDRI-0277,train
series_253_nodule_0\slice_1.png,1,LIDC-IDRI-0277,train
series_253_nodule_0\slice_2.png,1,LIDC-IDRI-0277,train
series_253_nodule_0\slice_3.png,1,LIDC-IDRI-0277,train
series_254_nodule_0\slice_0.png,1,LIDC-IDRI-0278,train
series_254_nodule_0\slice_1.png,1,LIDC-IDRI-0278,train
series_254_nodule_0\slice_2.png,1,LIDC-IDRI-0278,train
series_254_nodule_0\slice_3.png,1,LIDC-IDRI-0278,train
series_254_nodule_1\slice_0.png,1,LIDC-IDRI-0278,train
series_254_nodule_1\slice_1.png,1,LIDC-IDRI-0278,train
series_254_nodule_1\slice_2.png,1,LIDC-IDRI-0278,train
series_257_nodule_0\slice_0.png,0,LIDC-IDRI-0281,train
series_257_nodule_0\slice_1.png,0,LIDC-IDRI-0281,train
series_257_nodule_0\slice_2.png,0,LIDC-IDRI-0281,train
series_258_nodule_0\slice_0.png,1,LIDC-IDRI-0282,test
series_258_nodule_0\slice_1.png,1,LIDC-IDRI-0282,test
series_258_nodule_0\slice_2.png,1,LIDC-IDRI-0282,test
series_258_nodule_1\slice_0.png,1,LIDC-IDRI-0282,test
series_258_nodule_1\slice_1.png,1,LIDC-IDRI-0282,test
series_259_nodule_0\slice_0.png,1,LIDC-IDRI-0283,train
series_259_nodule_0\slice_1.png,1,LIDC-IDRI-0283,train
series_259_nodule_0\slice_2.png,1,LIDC-IDRI-0283,train
series_260_nodule_0\slice_0.png,0,LIDC-IDRI-0284,train
series_260_nodule_0\slice_1.png,0,LIDC-IDRI-0284,train
series_260_nodule_0\slice_2.png,0,LIDC-IDRI-0284,train
series_260_nodule_1\slice_0.png,1,LIDC-IDRI-0284,train
series_260_nodule_1\slice_1.png,1,LIDC-IDRI-0284,train
series_260_nodule_1\slice_2.png,1,LIDC-IDRI-0284,train
series_261_nodule_0\slice_0.png,1,LIDC-IDRI-0285,train
series_261_nodule_0\slice_1.png,1,LIDC-IDRI-0285,train
series_261_nodule_0\slice_2.png,1,LIDC-IDRI-0285,train
series_262_nodule_0\slice_0.png,1,LIDC-IDRI-0286,train
series_262_nodule_0\slice_1.png,1,LIDC-IDRI-0286,train
series_262_nodule_0\slice_2.png,1,LIDC-IDRI-0286,train
series_262_nodule_0\slice_3.png,1,LIDC-IDRI-0286,train
series_262_nodule_1\slice_0.png,0,LIDC-IDRI-0286,train
series_262_nodule_1\slice_1.png,0,LIDC-IDRI-0286,train
series_262_nodule_1\slice_2.png,0,LIDC-IDRI-0286,train
series_262_nodule_2\slice_0.png,1,LIDC-IDRI-0286,train
series_262_nodule_2\slice_1.png,1,LIDC-IDRI-0286,train
series_262_nodule_2\slice_2.png,1,LIDC-IDRI-0286,train
series_263_nodule_0\slice_0.png,0,LIDC-IDRI-0287,train
series_263_nodule_0\slice_1.png,0,LIDC-IDRI-0287,train
series_264_nodule_0\slice_0.png,1,LIDC-IDRI-0288,train
series_264_nodule_0\slice_1.png,1,LIDC-IDRI-0288,train
series_264_nodule_1\slice_0.png,1,LIDC-IDRI-0288,train
series_264_nodule_1\slice_1.png,1,LIDC-IDRI-0288,train
series_264_nodule_1\slice_2.png,1,LIDC-IDRI-0288,train
series_265_nodule_0\slice_0.png,1,LIDC-IDRI-0289,test
series_265_nodule_0\slice_1.png,1,LIDC-IDRI-0289,test
series_265_nodule_0\slice_2.png,1,LIDC-IDRI-0289,test
series_265_nodule_0\slice_3.png,1,LIDC-IDRI-0289,test
series_265_nodule_0\slice_4.png,1,LIDC-IDRI-0289,test
series_265_nodule_0\slice_5.png,1,LIDC-IDRI-0289,test
series_265_nodule_0\slice_6.png,1,LIDC-IDRI-0289,test
series_265_nodule_0\slice_7.png,1,LIDC-IDRI-0289,test
series_265_nodule_0\slice_8.png,1,LIDC-IDRI-0289,test
series_265_nodule_1\slice_0.png,1,LIDC-IDRI-0289,test
series_267_nodule_0\slice_0.png,0,LIDC-IDRI-0291,train
series_267_nodule_0\slice_1.png,0,LIDC-IDRI-0291,train
series_267_nodule_0\slice_2.png,0,LIDC-IDRI-0291,train
series_267_nodule_0\slice_3.png,0,LIDC-IDRI-0291,train
series_267_nodule_0\slice_4.png,0,LIDC-IDRI-0291,train
series_268_nodule_0\slice_0.png,1,LIDC-IDRI-0292,train
series_268_nodule_0\slice_1.png,1,LIDC-IDRI-0292,train
series_268_nodule_0\slice_10.png,1,LIDC-IDRI-0292,train
series_268_nodule_0\slice_2.png,1,LIDC-IDRI-0292,train
series_268_nodule_0\slice_3.png,1,LIDC-IDRI-0292,train
series_268_nodule_0\slice_4.png,1,LIDC-IDRI-0292,train
series_268_nodule_0\slice_5.png,1,LIDC-IDRI-0292,train
series_268_nodule_0\slice_6.png,1,LIDC-IDRI-0292,train
series_268_nodule_0\slice_7.png,1,LIDC-IDRI-0292,train
series_268_nodule_0\slice_8.png,1,LIDC-IDRI-0292,train
series_268_nodule_0\slice_9.png,1,LIDC-IDRI-0292,train
series_270_nodule_0\slice_0.png,1,LIDC-IDRI-0294,train
series_270_nodule_0\slice_1.png,1,LIDC-IDRI-0294,train
series_270_nodule_0\slice_2.png,1,LIDC-IDRI-0294,train
series_270_nodule_0\slice_3.png,1,LIDC-IDRI-0294,train
series_270_nodule_0\slice_4.png,1,LIDC-IDRI-0294,train
series_270_nodule_0\slice_5.png,1,LIDC-IDRI-0294,train
series_270_nodule_0\slice_6.png,1,LIDC-IDRI-0294,train
series_270_nodule_0\slice_7.png,1,LIDC-IDRI-0294,train
series_270_nodule_0\slice_8.png,1,LIDC-IDRI-0294,train
series_271_nodule_0\slice_0.png,1,LIDC-IDRI-0296,train
series_271_nodule_0\slice_1.png,1,LIDC-IDRI-0296,train
series_271_nodule_0\slice_2.png,1,LIDC-IDRI-0296,train
series_271_nodule_0\slice_3.png,1,LIDC-IDRI-0296,train
series_271_nodule_0\slice_4.png,1,LIDC-IDRI-0296,train
series_272_nodule_0\slice_0.png,0,LIDC-IDRI-0297,train
series_272_nodule_0\slice_1.png,0,LIDC-IDRI-0297,train
series_272_nodule_0\slice_2.png,0,LIDC-IDRI-0297,train
series_272_nodule_0\slice_3.png,0,LIDC-IDRI-0297,train
series_272_nodule_0\slice_4.png,0,LIDC-IDRI-0297,train
series_272_nodule_0\slice_5.png,0,LIDC-IDRI-0297,train
series_272_nodule_0\slice_6.png,0,LIDC-IDRI-0297,train
series_273_nodule_0\slice_0.png,1,LIDC-IDRI-0298,train
series_273_nodule_0\slice_1.png,1,LIDC-IDRI-0298,train
series_273_nodule_0\slice_2.png,1,LIDC-IDRI-0298,train
series_273_nodule_0\slice_3.png,1,LIDC-IDRI-0298,train
series_273_nodule_0\slice_4.png,1,LIDC-IDRI-0298,train
series_273_nodule_0\slice_5.png,1,LIDC-IDRI-0298,train
series_273_nodule_0\slice_6.png,1,LIDC-IDRI-0298,train
series_273_nodule_1\slice_0.png,1,LIDC-IDRI-0298,train
series_273_nodule_1\slice_1.png,1,LIDC-IDRI-0298,train
series_273_nodule_1\slice_2.png,1,LIDC-IDRI-0298,train
series_273_nodule_1\slice_3.png,1,LIDC-IDRI-0298,train
series_273_nodule_1\slice_4.png,1,LIDC-IDRI-0298,train
series_273_nodule_1\slice_5.png,1,LIDC-IDRI-0298,train
series_273_nodule_1\slice_6.png,1,LIDC-IDRI-0298,train
series_273_nodule_1\slice_7.png,1,LIDC-IDRI-0298,train
series_273_nodule_2\slice_0.png,1,LIDC-IDRI-0298,train
series_273_nodule_2\slice_1.png,1,LIDC-IDRI-0298,train
series_273_nodule_2\slice_2.png,1,LIDC-IDRI-0298,train
series_273_nodule_2\slice_3.png,1,LIDC-IDRI-0298,train
series_273_nodule_2\slice_4.png,1,LIDC-IDRI-0298,train
series_273_nodule_2\slice_5.png,1,LIDC-IDRI-0298,train
series_273_nodule_3\slice_0.png,1,LIDC-IDRI-0298,train
series_273_nodule_3\slice_1.png,1,LIDC-IDRI-0298,train
series_273_nodule_3\slice_2.png,1,LIDC-IDRI-0298,train
series_273_nodule_3\slice_3.png,1,LIDC-IDRI-0298,train
series_273_nodule_3\slice_4.png,1,LIDC-IDRI-0298,train
series_273_nodule_3\slice_5.png,1,LIDC-IDRI-0298,train
series_273_nodule_3\slice_6.png,1,LIDC-IDRI-0298,train
series_274_nodule_0\slice_0.png,1,LIDC-IDRI-0299,train
series_274_nodule_0\slice_1.png,1,LIDC-IDRI-0299,train
series_274_nodule_0\slice_2.png,1,LIDC-IDRI-0299,train
series_274_nodule_0\slice_3.png,1,LIDC-IDRI-0299,train
series_274_nodule_0\slice_4.png,1,LIDC-IDRI-0299,train
series_274_nodule_0\slice_5.png,1,LIDC-IDRI-0299,train
series_274_nodule_1\slice_0.png,2,LIDC-IDRI-0299,train
series_274_nodule_1\slice_1.png,2,LIDC-IDRI-0299,train
series_274_nodule_1\slice_2.png,2,LIDC-IDRI-0299,train
series_274_nodule_1\slice_3.png,2,LIDC-IDRI-0299,train
series_274_nodule_1\slice_4.png,2,LIDC-IDRI-0299,train
series_274_nodule_1\slice_5.png,2,LIDC-IDRI-0299,train
series_274_nodule_1\slice_6.png,2,LIDC-IDRI-0299,train
series_275_nodule_0\slice_0.png,0,LIDC-IDRI-0300,train
series_275_nodule_0\slice_1.png,0,LIDC-IDRI-0300,train
series_275_nodule_0\slice_2.png,0,LIDC-IDRI-0300,train
series_275_nodule_0\slice_3.png,0,LIDC-IDRI-0300,train
series_275_nodule_1\slice_0.png,2,LIDC-IDRI-0300,train
series_275_nodule_1\slice_1.png,2,LIDC-IDRI-0300,train
series_275_nodule_1\slice_10.png,2,LIDC-IDRI-0300,train
series_275_nodule_1\slice_2.png,2,LIDC-IDRI-0300,train
series_275_nodule_1\slice_3.png,2,LIDC-IDRI-0300,train
series_275_nodule_1\slice_4.png,2,LIDC-IDRI-0300,train
series_275_nodule_1\slice_5.png,2,LIDC-IDRI-0300,train
series_275_nodule_1\slice_6.png,2,LIDC-IDRI-0300,train
series_275_nodule_1\slice_7.png,2,LIDC-IDRI-0300,train
series_275_nodule_1\slice_8.png,2,LIDC-IDRI-0300,train
series_275_nodule_1\slice_9.png,2,LIDC-IDRI-0300,train
series_275_nodule_2\slice_0.png,1,LIDC-IDRI-0300,train
series_275_nodule_2\slice_1.png,1,LIDC-IDRI-0300,train
series_275_nodule_2\slice_2.png,1,LIDC-IDRI-0300,train
series_275_nodule_2\slice_3.png,1,LIDC-IDRI-0300,train
series_275_nodule_2\slice_4.png,1,LIDC-IDRI-0300,train
series_275_nodule_2\slice_5.png,1,LIDC-IDRI-0300,train
series_275_nodule_2\slice_6.png,1,LIDC-IDRI-0300,train
series_275_nodule_2\slice_7.png,1,LIDC-IDRI-0300,train
series_275_nodule_2\slice_8.png,1,LIDC-IDRI-0300,train
series_275_nodule_2\slice_9.png,1,LIDC-IDRI-0300,train
series_276_nodule_0\slice_0.png,0,LIDC-IDRI-0301,train
series_276_nodule_0\slice_1.png,0,LIDC-IDRI-0301,train
series_276_nodule_0\slice_2.png,0,LIDC-IDRI-0301,train
series_276_nodule_0\slice_3.png,0,LIDC-IDRI-0301,train
series_276_nodule_0\slice_4.png,0,LIDC-IDRI-0301,train
series_276_nodule_0\slice_5.png,0,LIDC-IDRI-0301,train
series_276_nodule_0\slice_6.png,0,LIDC-IDRI-0301,train
series_276_nodule_0\slice_7.png,0,LIDC-IDRI-0301,train
series_276_nodule_0\slice_8.png,0,LIDC-IDRI-0301,train
series_276_nodule_0\slice_9.png,0,LIDC-IDRI-0301,train
series_278_nodule_0\slice_0.png,1,LIDC-IDRI-0304,train
series_278_nodule_0\slice_1.png,1,LIDC-IDRI-0304,train
series_278_nodule_0\slice_2.png,1,LIDC-IDRI-0304,train
series_278_nodule_0\slice_3.png,1,LIDC-IDRI-0304,train
series_278_nodule_0\slice_4.png,1,LIDC-IDRI-0304,train
series_278_nodule_0\slice_5.png,1,LIDC-IDRI-0304,train
series_278_nodule_0\slice_6.png,1,LIDC-IDRI-0304,train
series_280_nodule_0\slice_0.png,1,LIDC-IDRI-0308,val
series_280_nodule_0\slice_1.png,1,LIDC-IDRI-0308,val
series_280_nodule_0\slice_10.png,1,LIDC-IDRI-0308,val
series_280_nodule_0\slice_2.png,1,LIDC-IDRI-0308,val
series_280_nodule_0\slice_3.png,1,LIDC-IDRI-0308,val
series_280_nodule_0\slice_4.png,1,LIDC-IDRI-0308,val
series_280_nodule_0\slice_5.png,1,LIDC-IDRI-0308,val
series_280_nodule_0\slice_6.png,1,LIDC-IDRI-0308,val
series_280_nodule_0\slice_7.png,1,LIDC-IDRI-0308,val
series_280_nodule_0\slice_8.png,1,LIDC-IDRI-0308,val
series_280_nodule_0\slice_9.png,1,LIDC-IDRI-0308,val
series_281_nodule_0\slice_0.png,2,LIDC-IDRI-0309,train
series_281_nodule_0\slice_1.png,2,LIDC-IDRI-0309,train
series_281_nodule_0\slice_2.png,2,LIDC-IDRI-0309,train
series_281_nodule_0\slice_3.png,2,LIDC-IDRI-0309,train
series_282_nodule_0\slice_0.png,1,LIDC-IDRI-0310,train
series_282_nodule_0\slice_1.png,1,LIDC-IDRI-0310,train
series_282_nodule_0\slice_2.png,1,LIDC-IDRI-0310,train
series_282_nodule_0\slice_3.png,1,LIDC-IDRI-0310,train
series_283_nodule_0\slice_0.png,1,LIDC-IDRI-0311,train
series_283_nodule_0\slice_1.png,1,LIDC-IDRI-0311,train
series_283_nodule_0\slice_2.png,1,LIDC-IDRI-0311,train
series_283_nodule_0\slice_3.png,1,LIDC-IDRI-0311,train
series_283_nodule_0\slice_4.png,1,LIDC-IDRI-0311,train
series_283_nodule_0\slice_5.png,1,LIDC-IDRI-0311,train
series_283_nodule_0\slice_6.png,1,LIDC-IDRI-0311,train
series_283_nodule_0\slice_7.png,1,LIDC-IDRI-0311,train
series_286_nodule_0\slice_0.png,1,LIDC-IDRI-0315,test
series_286_nodule_0\slice_1.png,1,LIDC-IDRI-0315,test
series_286_nodule_0\slice_2.png,1,LIDC-IDRI-0315,test
series_286_nodule_1\slice_0.png,1,LIDC-IDRI-0315,test
series_286_nodule_1\slice_1.png,1,LIDC-IDRI-0315,test
series_286_nodule_1\slice_2.png,1,LIDC-IDRI-0315,test
series_286_nodule_2\slice_0.png,1,LIDC-IDRI-0315,test
series_286_nodule_3\slice_0.png,1,LIDC-IDRI-0315,test
series_286_nodule_3\slice_1.png,1,LIDC-IDRI-0315,test
series_286_nodule_4\slice_0.png,1,LIDC-IDRI-0315,test
series_286_nodule_4\slice_1.png,1,LIDC-IDRI-0315,test
series_286_nodule_4\slice_2.png,1,LIDC-IDRI-0315,test
series_287_nodule_0\slice_0.png,2,LIDC-IDRI-0315,test
series_287_nodule_0\slice_1.png,2,LIDC-IDRI-0315,test
series_287_nodule_0\slice_2.png,2,LIDC-IDRI-0315,test
series_287_nodule_0\slice_3.png,2,LIDC-IDRI-0315,test
series_287_nodule_1\slice_0.png,1,LIDC-IDRI-0315,test
series_287_nodule_1\slice_1.png,1,LIDC-IDRI-0315,test
series_287_nodule_1\slice_2.png,1,LIDC-IDRI-0315,test
series_287_nodule_2\slice_0.png,0,LIDC-IDRI-0315,test
series_287_nodule_2\slice_1.png,0,LIDC-IDRI-0315,test
series_287_nodule_2\slice_2.png,0,LIDC-IDRI-0315,test
series_287_nodule_3\slice_0.png,1,LIDC-IDRI-0315,test
series_287_nodule_3\slice_1.png,1,LIDC-IDRI-0315,test
series_287_nodule_4\slice_0.png,1,LIDC-IDRI-0315,test
series_287_nodule_4\slice_1.png,1,LIDC-IDRI-0315,test
series_287_nodule_4\slice_2.png,1,LIDC-IDRI-0315,test
series_289_nodule_0\slice_0.png,0,LIDC-IDRI-0317,val
series_289_nodule_0\slice_1.png,0,LIDC-IDRI-0317,val
series_294_nodule_0\slice_0.png,0,LIDC-IDRI-0323,train
series_294_nodule_0\slice_1.png,0,LIDC-IDRI-0323,train
series_294_nodule_1\slice_0.png,1,LIDC-IDRI-0323,train
series_294_nodule_1\slice_1.png,1,LIDC-IDRI-0323,train
series_294_nodule_2\slice_0.png,1,LIDC-IDRI-0323,train
series_294_nodule_2\slice_1.png,1,LIDC-IDRI-0323,train
series_294_nodule_2\slice_2.png,1,LIDC-IDRI-0323,train
series_296_nodule_0\slice_0.png,2,LIDC-IDRI-0325,test
series_296_nodule_0\slice_1.png,2,LIDC-IDRI-0325,test
series_296_nodule_0\slice_10.png,2,LIDC-IDRI-0325,test
series_296_nodule_0\slice_11.png,2,LIDC-IDRI-0325,test
series_296_nodule_0\slice_12.png,2,LIDC-IDRI-0325,test
series_296_nodule_0\slice_13.png,2,LIDC-IDRI-0325,test
series_296_nodule_0\slice_14.png,2,LIDC-IDRI-0325,test
series_296_nodule_0\slice_15.png,2,LIDC-IDRI-0325,test
series_296_nodule_0\slice_16.png,2,LIDC-IDRI-0325,test
series_296_nodule_0\slice_17.png,2,LIDC-IDRI-0325,test
series_296_nodule_0\slice_18.png,2,LIDC-IDRI-0325,test
series_296_nodule_0\slice_19.png,2,LIDC-IDRI-0325,test
series_296_nodule_0\slice_2.png,2,LIDC-IDRI-0325,test
series_296_nodule_0\slice_20.png,2,LIDC-IDRI-0325,test
series_296_nodule_0\slice_21.png,2,LIDC-IDRI-0325,test
series_296_nodule_0\slice_22.png,2,LIDC-IDRI-0325,test
series_296_nodule_0\slice_23.png,2,LIDC-IDRI-0325,test
series_296_nodule_0\slice_24.png,2,LIDC-IDRI-0325,test
series_296_nodule_0\slice_25.png,2,LIDC-IDRI-0325,test
series_296_nodule_0\slice_26.png,2,LIDC-IDRI-0325,test
series_296_nodule_0\slice_3.png,2,LIDC-IDRI-0325,test
series_296_nodule_0\slice_4.png,2,LIDC-IDRI-0325,test
series_296_nodule_0\slice_5.png,2,LIDC-IDRI-0325,test
series_296_nodule_0\slice_6.png,2,LIDC-IDRI-0325,test
series_296_nodule_0\slice_7.png,2,LIDC-IDRI-0325,test
series_296_nodule_0\slice_8.png,2,LIDC-IDRI-0325,test
series_296_nodule_0\slice_9.png,2,LIDC-IDRI-0325,test
series_299_nodule_0\slice_0.png,1,LIDC-IDRI-0329,train
series_299_nodule_0\slice_1.png,1,LIDC-IDRI-0329,train
series_302_nodule_0\slice_0.png,2,LIDC-IDRI-0332,train
series_302_nodule_0\slice_1.png,2,LIDC-IDRI-0332,train
series_302_nodule_0\slice_10.png,2,LIDC-IDRI-0332,train
series_302_nodule_0\slice_11.png,2,LIDC-IDRI-0332,train
series_302_nodule_0\slice_12.png,2,LIDC-IDRI-0332,train
series_302_nodule_0\slice_2.png,2,LIDC-IDRI-0332,train
series_302_nodule_0\slice_3.png,2,LIDC-IDRI-0332,train
series_302_nodule_0\slice_4.png,2,LIDC-IDRI-0332,train
series_302_nodule_0\slice_5.png,2,LIDC-IDRI-0332,train
series_302_nodule_0\slice_6.png,2,LIDC-IDRI-0332,train
series_302_nodule_0\slice_7.png,2,LIDC-IDRI-0332,train
series_302_nodule_0\slice_8.png,2,LIDC-IDRI-0332,train
series_302_nodule_0\slice_9.png,2,LIDC-IDRI-0332,train
series_302_nodule_1\slice_0.png,1,LIDC-IDRI-0332,train
series_302_nodule_1\slice_1.png,1,LIDC-IDRI-0332,train
series_302_nodule_1\slice_2.png,1,LIDC-IDRI-0332,train
series_302_nodule_1\slice_3.png,1,LIDC-IDRI-0332,train
series_302_nodule_1\slice_4.png,1,LIDC-IDRI-0332,train
series_302_nodule_1\slice_5.png,1,LIDC-IDRI-0332,train
series_302_nodule_1\slice_6.png,1,LIDC-IDRI-0332,train
series_302_nodule_1\slice_7.png,1,LIDC-IDRI-0332,train
series_303_nodule_0\slice_0.png,2,LIDC-IDRI-0332,train
series_303_nodule_0\slice_1.png,2,LIDC-IDRI-0332,train
series_303_nodule_0\slice_2.png,2,LIDC-IDRI-0332,train
series_303_nodule_0\slice_3.png,2,LIDC-IDRI-0332,train
series_303_nodule_0\slice_4.png,2,LIDC-IDRI-0332,train
series_303_nodule_0\slice_5.png,2,LIDC-IDRI-0332,train
series_303_nodule_0\slice_6.png,2,LIDC-IDRI-0332,train
series_303_nodule_0\slice_7.png,2,LIDC-IDRI-0332,train
series_303_nodule_0\slice_8.png,2,LIDC-IDRI-0332,train
series_303_nodule_0\slice_9.png,2,LIDC-IDRI-0332,train
series_303_nodule_1\slice_0.png,1,LIDC-IDRI-0332,train
series_303_nodule_1\slice_1.png,1,LIDC-IDRI-0332,train
series_303_nodule_1\slice_2.png,1,LIDC-IDRI-0332,train
series_303_nodule_1\slice_3.png,1,LIDC-IDRI-0332,train
series_303_nodule_1\slice_4.png,1,LIDC-IDRI-0332,train
series_303_nodule_1\slice_5.png,1,LIDC-IDRI-0332,train
series_304_nodule_0\slice_0.png,1,LIDC-IDRI-0334,train
series_304_nodule_0\slice_1.png,1,LIDC-IDRI-0334,train
series_304_nodule_1\slice_0.png,1,LIDC-IDRI-0334,train
series_304_nodule_1\slice_1.png,1,LIDC-IDRI-0334,train
series_304_nodule_1\slice_2.png,1,LIDC-IDRI-0334,train
series_304_nodule_2\slice_0.png,1,LIDC-IDRI-0334,train
series_304_nodule_2\slice_1.png,1,LIDC-IDRI-0334,train
series_304_nodule_2\slice_2.png,1,LIDC-IDRI-0334,train
series_304_nodule_2\slice_3.png,1,LIDC-IDRI-0334,train
series_304_nodule_3\slice_0.png,0,LIDC-IDRI-0334,train
series_304_nodule_4\slice_0.png,2,LIDC-IDRI-0334,train
series_304_nodule_4\slice_1.png,2,LIDC-IDRI-0334,train
series_304_nodule_4\slice_2.png,2,LIDC-IDRI-0334,train
series_304_nodule_5\slice_0.png,1,LIDC-IDRI-0334,train
series_304_nodule_5\slice_1.png,1,LIDC-IDRI-0334,train
series_304_nodule_5\slice_2.png,1,LIDC-IDRI-0334,train
series_305_nodule_0\slice_0.png,1,LIDC-IDRI-0335,train
series_305_nodule_0\slice_1.png,1,LIDC-IDRI-0335,train
series_305_nodule_0\slice_2.png,1,LIDC-IDRI-0335,train
series_305_nodule_0\slice_3.png,1,LIDC-IDRI-0335,train
series_305_nodule_1\slice_0.png,1,LIDC-IDRI-0335,train
series_305_nodule_1\slice_1.png,1,LIDC-IDRI-0335,train
series_305_nodule_1\slice_2.png,1,LIDC-IDRI-0335,train
series_305_nodule_1\slice_3.png,1,LIDC-IDRI-0335,train
series_305_nodule_2\slice_0.png,0,LIDC-IDRI-0335,train
series_305_nodule_2\slice_1.png,0,LIDC-IDRI-0335,train
series_305_nodule_2\slice_2.png,0,LIDC-IDRI-0335,train
series_305_nodule_2\slice_3.png,0,LIDC-IDRI-0335,train
series_305_nodule_2\slice_4.png,0,LIDC-IDRI-0335,train
series_307_nodule_0\slice_0.png,2,LIDC-IDRI-0337,train
series_307_nodule_0\slice_1.png,2,LIDC-IDRI-0337,train
series_307_nodule_0\slice_10.png,2,LIDC-IDRI-0337,train
series_307_nodule_0\slice_11.png,2,LIDC-IDRI-0337,train
series_307_nodule_0\slice_2.png,2,LIDC-IDRI-0337,train
series_307_nodule_0\slice_3.png,2,LIDC-IDRI-0337,train
series_307_nodule_0\slice_4.png,2,LIDC-IDRI-0337,train
series_307_nodule_0\slice_5.png,2,LIDC-IDRI-0337,train
series_307_nodule_0\slice_6.png,2,LIDC-IDRI-0337,train
series_307_nodule_0\slice_7.png,2,LIDC-IDRI-0337,train
series_307_nodule_0\slice_8.png,2,LIDC-IDRI-0337,train
series_307_nodule_0\slice_9.png,2,LIDC-IDRI-0337,train
series_307_nodule_1\slice_0.png,2,LIDC-IDRI-0337,train
series_307_nodule_1\slice_1.png,2,LIDC-IDRI-0337,train
series_307_nodule_1\slice_2.png,2,LIDC-IDRI-0337,train
series_307_nodule_1\slice_3.png,2,LIDC-IDRI-0337,train
series_307_nodule_1\slice_4.png,2,LIDC-IDRI-0337,train
series_309_nodule_0\slice_0.png,1,LIDC-IDRI-0339,test
series_309_nodule_0\slice_1.png,1,LIDC-IDRI-0339,test
series_309_nodule_0\slice_2.png,1,LIDC-IDRI-0339,test
series_309_nodule_0\slice_3.png,1,LIDC-IDRI-0339,test
series_310_nodule_0\slice_0.png,1,LIDC-IDRI-0340,test
series_310_nodule_0\slice_1.png,1,LIDC-IDRI-0340,test
series_310_nodule_0\slice_10.png,1,LIDC-IDRI-0340,test
series_310_nodule_0\slice_11.png,1,LIDC-IDRI-0340,test
series_310_nodule_0\slice_12.png,1,LIDC-IDRI-0340,test
series_310_nodule_0\slice_13.png,1,LIDC-IDRI-0340,test
series_310_nodule_0\slice_2.png,1,LIDC-IDRI-0340,test
series_310_nodule_0\slice_3.png,1,LIDC-IDRI-0340,test
series_310_nodule_0\slice_4.png,1,LIDC-IDRI-0340,test
series_310_nodule_0\slice_5.png,1,LIDC-IDRI-0340,test
series_310_nodule_0\slice_6.png,1,LIDC-IDRI-0340,test
series_310_nodule_0\slice_7.png,1,LIDC-IDRI-0340,test
series_310_nodule_0\slice_8.png,1,LIDC-IDRI-0340,test
series_310_nodule_0\slice_9.png,1,LIDC-IDRI-0340,test
series_312_nodule_0\slice_0.png,1,LIDC-IDRI-0343,train
series_312_nodule_0\slice_1.png,1,LIDC-IDRI-0343,train
series_312_nodule_0\slice_2.png,1,LIDC-IDRI-0343,train
series_312_nodule_0\slice_3.png,1,LIDC-IDRI-0343,train
series_312_nodule_0\slice_4.png,1,LIDC-IDRI-0343,train
series_312_nodule_0\slice_5.png,1,LIDC-IDRI-0343,train
series_314_nodule_0\slice_0.png,1,LIDC-IDRI-0345,train
series_314_nodule_0\slice_1.png,1,LIDC-IDRI-0345,train
series_314_nodule_0\slice_2.png,1,LIDC-IDRI-0345,train
series_314_nodule_0\slice_3.png,1,LIDC-IDRI-0345,train
series_314_nodule_1\slice_0.png,1,LIDC-IDRI-0345,train
series_314_nodule_1\slice_1.png,1,LIDC-IDRI-0345,train
series_314_nodule_1\slice_2.png,1,LIDC-IDRI-0345,train
series_314_nodule_1\slice_3.png,1,LIDC-IDRI-0345,train
series_314_nodule_1\slice_4.png,1,LIDC-IDRI-0345,train
series_315_nodule_0\slice_0.png,0,LIDC-IDRI-0346,test
series_315_nodule_0\slice_1.png,0,LIDC-IDRI-0346,test
series_315_nodule_0\slice_2.png,0,LIDC-IDRI-0346,test
series_315_nodule_1\slice_0.png,0,LIDC-IDRI-0346,test
series_315_nodule_1\slice_1.png,0,LIDC-IDRI-0346,test
series_315_nodule_1\slice_2.png,0,LIDC-IDRI-0346,test
series_315_nodule_2\slice_0.png,1,LIDC-IDRI-0346,test
series_315_nodule_2\slice_1.png,1,LIDC-IDRI-0346,test
series_315_nodule_3\slice_0.png,0,LIDC-IDRI-0346,test
series_315_nodule_3\slice_1.png,0,LIDC-IDRI-0346,test
series_315_nodule_4\slice_0.png,1,LIDC-IDRI-0346,test
series_315_nodule_4\slice_1.png,1,LIDC-IDRI-0346,test
series_315_nodule_4\slice_2.png,1,LIDC-IDRI-0346,test
series_315_nodule_4\slice_3.png,1,LIDC-IDRI-0346,test
series_315_nodule_4\slice_4.png,1,LIDC-IDRI-0346,test
series_316_nodule_0\slice_0.png,1,LIDC-IDRI-0347,train
series_316_nodule_0\slice_1.png,1,LIDC-IDRI-0347,train
series_316_nodule_0\slice_2.png,1,LIDC-IDRI-0347,train
series_316_nodule_1\slice_0.png,1,LIDC-IDRI-0347,train
series_316_nodule_1\slice_1.png,1,LIDC-IDRI-0347,train
series_316_nodule_1\slice_2.png,1,LIDC-IDRI-0347,train
series_316_nodule_1\slice_3.png,1,LIDC-IDRI-0347,train
series_316_nodule_2\slice_0.png,2,LIDC-IDRI-0347,train
series_316_nodule_2\slice_1.png,2,LIDC-IDRI-0347,train
series_316_nodule_2\slice_2.png,2,LIDC-IDRI-0347,train
series_316_nodule_2\slice_3.png,2,LIDC-IDRI-0347,train
series_317_nodule_0\slice_0.png,1,LIDC-IDRI-0348,val
series_317_nodule_0\slice_1.png,1,LIDC-IDRI-0348,val
series_317_nodule_0\slice_2.png,1,LIDC-IDRI-0348,val
series_317_nodule_0\slice_3.png,1,LIDC-IDRI-0348,val
series_317_nodule_0\slice_4.png,1,LIDC-IDRI-0348,val
series_317_nodule_0\slice_5.png,1,LIDC-IDRI-0348,val
series_317_nodule_0\slice_6.png,1,LIDC-IDRI-0348,val
series_317_nodule_0\slice_7.png,1,LIDC-IDRI-0348,val
series_319_nodule_0\slice_0.png,1,LIDC-IDRI-0350,train
series_319_nodule_0\slice_1.png,1,LIDC-IDRI-0350,train
series_319_nodule_0\slice_2.png,1,LIDC-IDRI-0350,train
series_319_nodule_1\slice_0.png,1,LIDC-IDRI-0350,train
series_319_nodule_1\slice_1.png,1,LIDC-IDRI-0350,train
series_319_nodule_1\slice_2.png,1,LIDC-IDRI-0350,train
series_319_nodule_1\slice_3.png,1,LIDC-IDRI-0350,train
series_320_nodule_0\slice_0.png,0,LIDC-IDRI-0351,train
series_320_nodule_0\slice_1.png,0,LIDC-IDRI-0351,train
series_320_nodule_0\slice_2.png,0,LIDC-IDRI-0351,train
series_321_nodule_0\slice_0.png,1,LIDC-IDRI-0352,val
series_321_nodule_0\slice_1.png,1,LIDC-IDRI-0352,val
series_321_nodule_0\slice_2.png,1,LIDC-IDRI-0352,val
series_321_nodule_0\slice_3.png,1,LIDC-IDRI-0352,val
series_321_nodule_0\slice_4.png,1,LIDC-IDRI-0352,val
series_322_nodule_0\slice_0.png,2,LIDC-IDRI-0353,train
series_322_nodule_0\slice_1.png,2,LIDC-IDRI-0353,train
series_322_nodule_0\slice_2.png,2,LIDC-IDRI-0353,train
series_322_nodule_0\slice_3.png,2,LIDC-IDRI-0353,train
series_322_nodule_0\slice_4.png,2,LIDC-IDRI-0353,train
series_322_nodule_1\slice_0.png,0,LIDC-IDRI-0353,train
series_322_nodule_1\slice_1.png,0,LIDC-IDRI-0353,train
series_322_nodule_1\slice_2.png,0,LIDC-IDRI-0353,train
series_322_nodule_2\slice_0.png,1,LIDC-IDRI-0353,train
series_322_nodule_2\slice_1.png,1,LIDC-IDRI-0353,train
series_322_nodule_2\slice_2.png,1,LIDC-IDRI-0353,train
series_322_nodule_2\slice_3.png,1,LIDC-IDRI-0353,train
series_322_nodule_2\slice_4.png,1,LIDC-IDRI-0353,train
series_323_nodule_0\slice_0.png,0,LIDC-IDRI-0354,train
series_323_nodule_0\slice_1.png,0,LIDC-IDRI-0354,train
series_323_nodule_0\slice_2.png,0,LIDC-IDRI-0354,train
series_326_nodule_0\slice_0.png,1,LIDC-IDRI-0356,train
series_326_nodule_0\slice_1.png,1,LIDC-IDRI-0356,train
series_326_nodule_0\slice_2.png,1,LIDC-IDRI-0356,train
series_326_nodule_0\slice_3.png,1,LIDC-IDRI-0356,train
series_326_nodule_1\slice_0.png,1,LIDC-IDRI-0356,train
series_326_nodule_1\slice_1.png,1,LIDC-IDRI-0356,train
series_326_nodule_2\slice_0.png,1,LIDC-IDRI-0356,train
series_326_nodule_2\slice_1.png,1,LIDC-IDRI-0356,train
series_326_nodule_3\slice_0.png,1,LIDC-IDRI-0356,train
series_326_nodule_3\slice_1.png,1,LIDC-IDRI-0356,train
series_326_nodule_4\slice_0.png,1,LIDC-IDRI-0356,train
series_326_nodule_4\slice_1.png,1,LIDC-IDRI-0356,train
series_326_nodule_4\slice_2.png,1,LIDC-IDRI-0356,train
series_326_nodule_4\slice_3.png,1,LIDC-IDRI-0356,train
series_326_nodule_5\slice_0.png,1,LIDC-IDRI-0356,train
series_326_nodule_5\slice_1.png,1,LIDC-IDRI-0356,train
series_326_nodule_5\slice_2.png,1,LIDC-IDRI-0356,train
series_326_nodule_6\slice_0.png,1,LIDC-IDRI-0356,train
series_326_nodule_6\slice_1.png,1,LIDC-IDRI-0356,train
series_326_nodule_6\slice_2.png,1,LIDC-IDRI-0356,train
series_328_nodule_0\slice_0.png,1,LIDC-IDRI-0358,train
series_328_nodule_0\slice_1.png,1,LIDC-IDRI-0358,train
series_328_nodule_0\slice_2.png,1,LIDC-IDRI-0358,train
series_329_nodule_0\slice_0.png,0,LIDC-IDRI-0359,test
series_329_nodule_0\slice_1.png,0,LIDC-IDRI-0359,test
series_329_nodule_0\slice_2.png,0,LIDC-IDRI-0359,test
series_329_nodule_0\slice_3.png,0,LIDC-IDRI-0359,test
series_329_nodule_1\slice_0.png,1,LIDC-IDRI-0359,test
series_329_nodule_1\slice_1.png,1,LIDC-IDRI-0359,test
series_330_nodule_0\slice_0.png,1,LIDC-IDRI-0360,test
series_330_nodule_0\slice_1.png,1,LIDC-IDRI-0360,test
series_330_nodule_0\slice_2.png,1,LIDC-IDRI-0360,test
series_330_nodule_0\slice_3.png,1,LIDC-IDRI-0360,test
series_330_nodule_0\slice_4.png,1,LIDC-IDRI-0360,test
series_330_nodule_0\slice_5.png,1,LIDC-IDRI-0360,test
series_330_nodule_0\slice_6.png,1,LIDC-IDRI-0360,test
series_330_nodule_0\slice_7.png,1,LIDC-IDRI-0360,test
series_330_nodule_0\slice_8.png,1,LIDC-IDRI-0360,test
series_330_nodule_0\slice_9.png,1,LIDC-IDRI-0360,test
series_330_nodule_1\slice_0.png,1,LIDC-IDRI-0360,test
series_330_nodule_1\slice_1.png,1,LIDC-IDRI-0360,test
series_330_nodule_1\slice_10.png,1,LIDC-IDRI-0360,test
series_330_nodule_1\slice_11.png,1,LIDC-IDRI-0360,test
series_330_nodule_1\slice_2.png,1,LIDC-IDRI-0360,test
series_330_nodule_1\slice_3.png,1,LIDC-IDRI-0360,test
series_330_nodule_1\slice_4.png,1,LIDC-IDRI-0360,test
series_330_nodule_1\slice_5.png,1,LIDC-IDRI-0360,test
series_330_nodule_1\slice_6.png,1,LIDC-IDRI-0360,test
series_330_nodule_1\slice_7.png,1,LIDC-IDRI-0360,test
series_330_nodule_1\slice_8.png,1,LIDC-IDRI-0360,test
series_330_nodule_1\slice_9.png,1,LIDC-IDRI-0360,test
series_332_nodule_0\slice_0.png,2,LIDC-IDRI-0362,val
series_332_nodule_0\slice_1.png,2,LIDC-IDRI-0362,val
series_332_nodule_0\slice_2.png,2,LIDC-IDRI-0362,val
series_332_nodule_0\slice_3.png,2,LIDC-IDRI-0362,val
series_332_nodule_0\slice_4.png,2,LIDC-IDRI-0362,val
series_332_nodule_0\slice_5.png,2,LIDC-IDRI-0362,val
series_334_nodule_0\slice_0.png,2,LIDC-IDRI-0365,train
series_334_nodule_0\slice_1.png,2,LIDC-IDRI-0365,train
series_334_nodule_0\slice_2.png,2,LIDC-IDRI-0365,train
series_335_nodule_0\slice_0.png,1,LIDC-IDRI-0365,train
series_335_nodule_0\slice_1.png,1,LIDC-IDRI-0365,train
series_335_nodule_0\slice_2.png,1,LIDC-IDRI-0365,train
series_335_nodule_0\slice_3.png,1,LIDC-IDRI-0365,train
series_336_nodule_0\slice_0.png,1,LIDC-IDRI-0366,train
series_336_nodule_0\slice_1.png,1,LIDC-IDRI-0366,train
series_336_nodule_0\slice_2.png,1,LIDC-IDRI-0366,train
series_336_nodule_1\slice_0.png,1,LIDC-IDRI-0366,train
series_336_nodule_1\slice_1.png,1,LIDC-IDRI-0366,train
series_336_nodule_1\slice_2.png,1,LIDC-IDRI-0366,train
series_336_nodule_1\slice_3.png,1,LIDC-IDRI-0366,train
series_336_nodule_1\slice_4.png,1,LIDC-IDRI-0366,train
series_338_nodule_0\slice_0.png,1,LIDC-IDRI-0368,train
series_338_nodule_0\slice_1.png,1,LIDC-IDRI-0368,train
series_338_nodule_0\slice_2.png,1,LIDC-IDRI-0368,train
series_338_nodule_0\slice_3.png,1,LIDC-IDRI-0368,train
series_338_nodule_0\slice_4.png,1,LIDC-IDRI-0368,train
series_338_nodule_1\slice_0.png,1,LIDC-IDRI-0368,train
series_338_nodule_1\slice_1.png,1,LIDC-IDRI-0368,train
series_338_nodule_1\slice_2.png,1,LIDC-IDRI-0368,train
series_338_nodule_2\slice_0.png,2,LIDC-IDRI-0368,train
series_338_nodule_2\slice_1.png,2,LIDC-IDRI-0368,train
series_338_nodule_2\slice_2.png,2,LIDC-IDRI-0368,train
series_338_nodule_2\slice_3.png,2,LIDC-IDRI-0368,train
series_338_nodule_2\slice_4.png,2,LIDC-IDRI-0368,train
series_338_nodule_2\slice_5.png,2,LIDC-IDRI-0368,train
series_338_nodule_2\slice_6.png,2,LIDC-IDRI-0368,train
series_338_nodule_2\slice_7.png,2,LIDC-IDRI-0368,train
series_338_nodule_3\slice_0.png,1,LIDC-IDRI-0368,train
series_338_nodule_3\slice_1.png,1,LIDC-IDRI-0368,train
series_338_nodule_3\slice_2.png,1,LIDC-IDRI-0368,train
series_338_nodule_3\slice_3.png,1,LIDC-IDRI-0368,train
series_338_nodule_3\slice_4.png,1,LIDC-IDRI-0368,train
series_338_nodule_3\slice_5.png,1,LIDC-IDRI-0368,train
series_338_nodule_3\slice_6.png,1,LIDC-IDRI-0368,train
series_338_nodule_3\slice_7.png,1,LIDC-IDRI-0368,train
series_338_nodule_4\slice_0.png,0,LIDC-IDRI-0368,train
series_338_nodule_4\slice_1.png,0,LIDC-IDRI-0368,train
series_338_nodule_4\slice_2.png,0,LIDC-IDRI-0368,train
series_338_nodule_5\slice_0.png,1,LIDC-IDRI-0368,train
series_338_nodule_5\slice_1.png,1,LIDC-IDRI-0368,train
series_338_nodule_5\slice_2.png,1,LIDC-IDRI-0368,train
series_338_nodule_5\slice_3.png,1,LIDC-IDRI-0368,train
series_338_nodule_5\slice_4.png,1,LIDC-IDRI-0368,train
series_338_nodule_5\slice_5.png,1,LIDC-IDRI-0368,train
series_338_nodule_5\slice_6.png,1,LIDC-IDRI-0368,train
series_338_nodule_5\slice_7.png,1,LIDC-IDRI-0368,train
series_338_nodule_5\slice_8.png,1,LIDC-IDRI-0368,train
series_339_nodule_0\slice_0.png,1,LIDC-IDRI-0369,train
series_339_nodule_0\slice_1.png,1,LIDC-IDRI-0369,train
series_339_nodule_0\slice_2.png,1,LIDC-IDRI-0369,train
series_339_nodule_0\slice_3.png,1,LIDC-IDRI-0369,train
series_343_nodule_0\slice_0.png,0,LIDC-IDRI-0375,train
series_343_nodule_0\slice_1.png,0,LIDC-IDRI-0375,train
series_343_nodule_0\slice_2.png,0,LIDC-IDRI-0375,train
series_343_nodule_0\slice_3.png,0,LIDC-IDRI-0375,train
series_343_nodule_0\slice_4.png,0,LIDC-IDRI-0375,train
series_343_nodule_0\slice_5.png,0,LIDC-IDRI-0375,train
series_343_nodule_0\slice_6.png,0,LIDC-IDRI-0375,train
series_343_nodule_0\slice_7.png,0,LIDC-IDRI-0375,train
series_344_nodule_0\slice_0.png,1,LIDC-IDRI-0376,train
series_344_nodule_0\slice_1.png,1,LIDC-IDRI-0376,train
series_344_nodule_0\slice_10.png,1,LIDC-IDRI-0376,train
series_344_nodule_0\slice_11.png,1,LIDC-IDRI-0376,train
series_344_nodule_0\slice_12.png,1,LIDC-IDRI-0376,train
series_344_nodule_0\slice_2.png,1,LIDC-IDRI-0376,train
series_344_nodule_0\slice_3.png,1,LIDC-IDRI-0376,train
series_344_nodule_0\slice_4.png,1,LIDC-IDRI-0376,train
series_344_nodule_0\slice_5.png,1,LIDC-IDRI-0376,train
series_344_nodule_0\slice_6.png,1,LIDC-IDRI-0376,train
series_344_nodule_0\slice_7.png,1,LIDC-IDRI-0376,train
series_344_nodule_0\slice_8.png,1,LIDC-IDRI-0376,train
series_344_nodule_0\slice_9.png,1,LIDC-IDRI-0376,train
series_345_nodule_0\slice_0.png,2,LIDC-IDRI-0377,train
series_345_nodule_0\slice_1.png,2,LIDC-IDRI-0377,train
series_345_nodule_0\slice_10.png,2,LIDC-IDRI-0377,train
series_345_nodule_0\slice_2.png,2,LIDC-IDRI-0377,train
series_345_nodule_0\slice_3.png,2,LIDC-IDRI-0377,train
series_345_nodule_0\slice_4.png,2,LIDC-IDRI-0377,train
series_345_nodule_0\slice_5.png,2,LIDC-IDRI-0377,train
series_345_nodule_0\slice_6.png,2,LIDC-IDRI-0377,train
series_345_nodule_0\slice_7.png,2,LIDC-IDRI-0377,train
series_345_nodule_0\slice_8.png,2,LIDC-IDRI-0377,train
series_345_nodule_0\slice_9.png,2,LIDC-IDRI-0377,train
series_345_nodule_1\slice_0.png,1,LIDC-IDRI-0377,train
series_345_nodule_1\slice_1.png,1,LIDC-IDRI-0377,train
series_345_nodule_1\slice_2.png,1,LIDC-IDRI-0377,train
series_345_nodule_1\slice_3.png,1,LIDC-IDRI-0377,train
series_347_nodule_0\slice_0.png,1,LIDC-IDRI-0379,train
series_347_nodule_0\slice_1.png,1,LIDC-IDRI-0379,train
series_347_nodule_1\slice_0.png,0,LIDC-IDRI-0379,train
series_347_nodule_1\slice_1.png,0,LIDC-IDRI-0379,train
series_347_nodule_2\slice_0.png,1,LIDC-IDRI-0379,train
series_347_nodule_2\slice_1.png,1,LIDC-IDRI-0379,train
series_347_nodule_2\slice_2.png,1,LIDC-IDRI-0379,train
series_347_nodule_3\slice_0.png,1,LIDC-IDRI-0379,train
series_347_nodule_3\slice_1.png,1,LIDC-IDRI-0379,train
series_347_nodule_3\slice_2.png,1,LIDC-IDRI-0379,train
series_347_nodule_3\slice_3.png,1,LIDC-IDRI-0379,train
series_347_nodule_3\slice_4.png,1,LIDC-IDRI-0379,train
series_347_nodule_4\slice_0.png,0,LIDC-IDRI-0379,train
series_347_nodule_4\slice_1.png,0,LIDC-IDRI-0379,train
series_347_nodule_4\slice_2.png,0,LIDC-IDRI-0379,train
series_348_nodule_0\slice_0.png,1,LIDC-IDRI-0380,train
series_348_nodule_0\slice_1.png,1,LIDC-IDRI-0380,train
series_348_nodule_0\slice_2.png,1,LIDC-IDRI-0380,train
series_348_nodule_1\slice_0.png,0,LIDC-IDRI-0380,train
series_348_nodule_1\slice_1.png,0,LIDC-IDRI-0380,train
series_348_nodule_2\slice_0.png,1,LIDC-IDRI-0380,train
series_348_nodule_2\slice_1.png,1,LIDC-IDRI-0380,train
series_348_nodule_2\slice_2.png,1,LIDC-IDRI-0380,train
series_352_nodule_0\slice_0.png,1,LIDC-IDRI-0384,train
series_352_nodule_0\slice_1.png,1,LIDC-IDRI-0384,train
series_352_nodule_0\slice_2.png,1,LIDC-IDRI-0384,train
series_352_nodule_0\slice_3.png,1,LIDC-IDRI-0384,train
series_352_nodule_0\slice_4.png,1,LIDC-IDRI-0384,train
series_352_nodule_0\slice_5.png,1,LIDC-IDRI-0384,train
series_352_nodule_0\slice_6.png,1,LIDC-IDRI-0384,train
series_354_nodule_0\slice_0.png,1,LIDC-IDRI-0386,train
series_354_nodule_0\slice_1.png,1,LIDC-IDRI-0386,train
series_354_nodule_0\slice_2.png,1,LIDC-IDRI-0386,train
series_354_nodule_0\slice_3.png,1,LIDC-IDRI-0386,train
series_354_nodule_0\slice_4.png,1,LIDC-IDRI-0386,train
series_354_nodule_0\slice_5.png,1,LIDC-IDRI-0386,train
series_354_nodule_0\slice_6.png,1,LIDC-IDRI-0386,train
series_354_nodule_1\slice_0.png,0,LIDC-IDRI-0386,train
series_354_nodule_1\slice_1.png,0,LIDC-IDRI-0386,train
series_354_nodule_1\slice_2.png,0,LIDC-IDRI-0386,train
series_354_nodule_1\slice_3.png,0,LIDC-IDRI-0386,train
series_354_nodule_1\slice_4.png,0,LIDC-IDRI-0386,train
series_354_nodule_1\slice_5.png,0,LIDC-IDRI-0386,train
series_354_nodule_1\slice_6.png,0,LIDC-IDRI-0386,train
series_354_nodule_1\slice_7.png,0,LIDC-IDRI-0386,train
series_354_nodule_1\slice_8.png,0,LIDC-IDRI-0386,train
series_354_nodule_1\slice_9.png,0,LIDC-IDRI-0386,train
series_354_nodule_2\slice_0.png,1,LIDC-IDRI-0386,train
series_354_nodule_2\slice_1.png,1,LIDC-IDRI-0386,train
series_354_nodule_2\slice_2.png,1,LIDC-IDRI-0386,train
series_354_nodule_2\slice_3.png,1,LIDC-IDRI-0386,train
series_354_nodule_2\slice_4.png,1,LIDC-IDRI-0386,train
series_354_nodule_2\slice_5.png,1,LIDC-IDRI-0386,train
series_355_nodule_0\slice_0.png,2,LIDC-IDRI-0387,train
series_355_nodule_0\slice_1.png,2,LIDC-IDRI-0387,train
series_355_nodule_0\slice_2.png,2,LIDC-IDRI-0387,train
series_355_nodule_0\slice_3.png,2,LIDC-IDRI-0387,train
series_355_nodule_1\slice_0.png,1,LIDC-IDRI-0387,train
series_355_nodule_1\slice_1.png,1,LIDC-IDRI-0387,train
series_356_nodule_0\slice_0.png,0,LIDC-IDRI-0388,train
series_356_nodule_0\slice_1.png,0,LIDC-IDRI-0388,train
series_356_nodule_0\slice_2.png,0,LIDC-IDRI-0388,train
series_356_nodule_0\slice_3.png,0,LIDC-IDRI-0388,train
series_356_nodule_0\slice_4.png,0,LIDC-IDRI-0388,train
series_358_nodule_0\slice_0.png,0,LIDC-IDRI-0390,train
series_358_nodule_0\slice_1.png,0,LIDC-IDRI-0390,train
series_358_nodule_0\slice_2.png,0,LIDC-IDRI-0390,train
series_358_nodule_1\slice_0.png,0,LIDC-IDRI-0390,train
series_358_nodule_1\slice_1.png,0,LIDC-IDRI-0390,train
series_358_nodule_1\slice_2.png,0,LIDC-IDRI-0390,train
series_358_nodule_2\slice_0.png,0,LIDC-IDRI-0390,train
series_358_nodule_2\slice_1.png,0,LIDC-IDRI-0390,train
series_358_nodule_2\slice_2.png,0,LIDC-IDRI-0390,train
series_358_nodule_2\slice_3.png,0,LIDC-IDRI-0390,train
series_358_nodule_3\slice_0.png,0,LIDC-IDRI-0390,train
series_358_nodule_3\slice_1.png,0,LIDC-IDRI-0390,train
series_358_nodule_3\slice_2.png,0,LIDC-IDRI-0390,train
series_358_nodule_4\slice_0.png,0,LIDC-IDRI-0390,train
series_358_nodule_4\slice_1.png,0,LIDC-IDRI-0390,train
series_358_nodule_4\slice_2.png,0,LIDC-IDRI-0390,train
series_358_nodule_5\slice_0.png,0,LIDC-IDRI-0390,train
series_358_nodule_5\slice_1.png,0,LIDC-IDRI-0390,train
series_358_nodule_5\slice_2.png,0,LIDC-IDRI-0390,train
series_358_nodule_6\slice_0.png,0,LIDC-IDRI-0390,train
series_358_nodule_6\slice_1.png,0,LIDC-IDRI-0390,train
series_358_nodule_6\slice_2.png,0,LIDC-IDRI-0390,train
series_358_nodule_7\slice_0.png,0,LIDC-IDRI-0390,train
series_358_nodule_7\slice_1.png,0,LIDC-IDRI-0390,train
series_358_nodule_8\slice_0.png,0,LIDC-IDRI-0390,train
series_358_nodule_8\slice_1.png,0,LIDC-IDRI-0390,train
series_360_nodule_0\slice_0.png,1,LIDC-IDRI-0392,train
series_360_nodule_0\slice_1.png,1,LIDC-IDRI-0392,train
series_360_nodule_1\slice_0.png,1,LIDC-IDRI-0392,train
series_360_nodule_1\slice_1.png,1,LIDC-IDRI-0392,train
series_360_nodule_1\slice_2.png,1,LIDC-IDRI-0392,train
series_360_nodule_1\slice_3.png,1,LIDC-IDRI-0392,train
series_362_nodule_0\slice_0.png,2,LIDC-IDRI-0394,train
series_362_nodule_0\slice_1.png,2,LIDC-IDRI-0394,train
series_362_nodule_0\slice_2.png,2,LIDC-IDRI-0394,train
series_362_nodule_0\slice_3.png,2,LIDC-IDRI-0394,train
series_362_nodule_0\slice_4.png,2,LIDC-IDRI-0394,train
series_362_nodule_1\slice_0.png,1,LIDC-IDRI-0394,train
series_362_nodule_1\slice_1.png,1,LIDC-IDRI-0394,train
series_362_nodule_1\slice_2.png,1,LIDC-IDRI-0394,train
series_362_nodule_2\slice_0.png,1,LIDC-IDRI-0394,train
series_362_nodule_2\slice_1.png,1,LIDC-IDRI-0394,train
series_362_nodule_3\slice_0.png,1,LIDC-IDRI-0394,train
series_362_nodule_3\slice_1.png,1,LIDC-IDRI-0394,train
series_362_nodule_3\slice_2.png,1,LIDC-IDRI-0394,train
series_362_nodule_4\slice_0.png,1,LIDC-IDRI-0394,train
series_362_nodule_4\slice_1.png,1,LIDC-IDRI-0394,train
series_362_nodule_4\slice_2.png,1,LIDC-IDRI-0394,train
series_362_nodule_5\slice_0.png,1,LIDC-IDRI-0394,train
series_362_nodule_5\slice_1.png,1,LIDC-IDRI-0394,train
series_362_nodule_5\slice_2.png,1,LIDC-IDRI-0394,train
series_362_nodule_5\slice_3.png,1,LIDC-IDRI-0394,train
series_362_nodule_5\slice_4.png,1,LIDC-IDRI-0394,train
series_362_nodule_5\slice_5.png,1,LIDC-IDRI-0394,train
series_362_nodule_5\slice_6.png,1,LIDC-IDRI-0394,train
series_362_nodule_5\slice_7.png,1,LIDC-IDRI-0394,train
series_363_nodule_0\slice_0.png,1,LIDC-IDRI-0395,train
series_363_nodule_0\slice_1.png,1,LIDC-IDRI-0395,train
series_363_nodule_1\slice_0.png,1,LIDC-IDRI-0395,train
series_363_nodule_1\slice_1.png,1,LIDC-IDRI-0395,train
series_363_nodule_1\slice_2.png,1,LIDC-IDRI-0395,train
series_363_nodule_1\slice_3.png,1,LIDC-IDRI-0395,train
series_363_nodule_1\slice_4.png,1,LIDC-IDRI-0395,train
series_366_nodule_0\slice_0.png,1,LIDC-IDRI-0398,train
series_366_nodule_0\slice_1.png,1,LIDC-IDRI-0398,train
series_366_nodule_0\slice_2.png,1,LIDC-IDRI-0398,train
series_366_nodule_0\slice_3.png,1,LIDC-IDRI-0398,train
series_366_nodule_0\slice_4.png,1,LIDC-IDRI-0398,train
series_366_nodule_0\slice_5.png,1,LIDC-IDRI-0398,train
series_367_nodule_0\slice_0.png,0,LIDC-IDRI-0399,val
series_367_nodule_0\slice_1.png,0,LIDC-IDRI-0399,val
series_367_nodule_0\slice_2.png,0,LIDC-IDRI-0399,val
series_367_nodule_0\slice_3.png,0,LIDC-IDRI-0399,val
series_367_nodule_0\slice_4.png,0,LIDC-IDRI-0399,val
series_368_nodule_0\slice_0.png,1,LIDC-IDRI-0400,train
series_368_nodule_0\slice_1.png,1,LIDC-IDRI-0400,train
series_368_nodule_0\slice_2.png,1,LIDC-IDRI-0400,train
series_368_nodule_1\slice_0.png,1,LIDC-IDRI-0400,train
series_368_nodule_1\slice_1.png,1,LIDC-IDRI-0400,train
series_368_nodule_1\slice_2.png,1,LIDC-IDRI-0400,train
series_368_nodule_2\slice_0.png,1,LIDC-IDRI-0400,train
series_368_nodule_2\slice_1.png,1,LIDC-IDRI-0400,train
series_368_nodule_2\slice_2.png,1,LIDC-IDRI-0400,train
series_370_nodule_0\slice_0.png,0,LIDC-IDRI-0403,train
series_370_nodule_0\slice_1.png,0,LIDC-IDRI-0403,train
series_370_nodule_0\slice_10.png,0,LIDC-IDRI-0403,train
series_370_nodule_0\slice_11.png,0,LIDC-IDRI-0403,train
series_370_nodule_0\slice_12.png,0,LIDC-IDRI-0403,train
series_370_nodule_0\slice_13.png,0,LIDC-IDRI-0403,train
series_370_nodule_0\slice_14.png,0,LIDC-IDRI-0403,train
series_370_nodule_0\slice_2.png,0,LIDC-IDRI-0403,train
series_370_nodule_0\slice_3.png,0,LIDC-IDRI-0403,train
series_370_nodule_0\slice_4.png,0,LIDC-IDRI-0403,train
series_370_nodule_0\slice_5.png,0,LIDC-IDRI-0403,train
series_370_nodule_0\slice_6.png,0,LIDC-IDRI-0403,train
series_370_nodule_0\slice_7.png,0,LIDC-IDRI-0403,train
series_370_nodule_0\slice_8.png,0,LIDC-IDRI-0403,train
series_370_nodule_0\slice_9.png,0,LIDC-IDRI-0403,train
series_371_nodule_0\slice_0.png,2,LIDC-IDRI-0404,train
series_371_nodule_0\slice_1.png,2,LIDC-IDRI-0404,train
series_371_nodule_0\slice_10.png,2,LIDC-IDRI-0404,train
series_371_nodule_0\slice_11.png,2,LIDC-IDRI-0404,train
series_371_nodule_0\slice_12.png,2,LIDC-IDRI-0404,train
series_371_nodule_0\slice_13.png,2,LIDC-IDRI-0404,train
series_371_nodule_0\slice_14.png,2,LIDC-IDRI-0404,train
series_371_nodule_0\slice_2.png,2,LIDC-IDRI-0404,train
series_371_nodule_0\slice_3.png,2,LIDC-IDRI-0404,train
series_371_nodule_0\slice_4.png,2,LIDC-IDRI-0404,train
series_371_nodule_0\slice_5.png,2,LIDC-IDRI-0404,train
series_371_nodule_0\slice_6.png,2,LIDC-IDRI-0404,train
series_371_nodule_0\slice_7.png,2,LIDC-IDRI-0404,train
series_371_nodule_0\slice_8.png,2,LIDC-IDRI-0404,train
series_371_nodule_0\slice_9.png,2,LIDC-IDRI-0404,train
series_371_nodule_1\slice_0.png,1,LIDC-IDRI-0404,train
series_371_nodule_1\slice_1.png,1,LIDC-IDRI-0404,train
series_371_nodule_1\slice_10.png,1,LIDC-IDRI-0404,train
series_371_nodule_1\slice_11.png,1,LIDC-IDRI-0404,train
series_371_nodule_1\slice_12.png,1,LIDC-IDRI-0404,train
series_371_nodule_1\slice_13.png,1,LIDC-IDRI-0404,train
series_371_nodule_1\slice_2.png,1,LIDC-IDRI-0404,train
series_371_nodule_1\slice_3.png,1,LIDC-IDRI-0404,train
series_371_nodule_1\slice_4.png,1,LIDC-IDRI-0404,train
series_371_nodule_1\slice_5.png,1,LIDC-IDRI-0404,train
series_371_nodule_1\slice_6.png,1,LIDC-IDRI-0404,train
series_371_nodule_1\slice_7.png,1,LIDC-IDRI-0404,train
series_371_nodule_1\slice_8.png,1,LIDC-IDRI-0404,train
series_371_nodule_1\slice_9.png,1,LIDC-IDRI-0404,train
series_372_nodule_0\slice_0.png,1,LIDC-IDRI-0405,train
series_372_nodule_0\slice_1.png,1,LIDC-IDRI-0405,train
series_372_nodule_0\slice_2.png,1,LIDC-IDRI-0405,train
series_372_nodule_0\slice_3.png,1,LIDC-IDRI-0405,train
series_372_nodule_0\slice_4.png,1,LIDC-IDRI-0405,train
series_372_nodule_0\slice_5.png,1,LIDC-IDRI-0405,train
series_372_nodule_0\slice_6.png,1,LIDC-IDRI-0405,train
series_372_nodule_1\slice_0.png,1,LIDC-IDRI-0405,train
series_372_nodule_1\slice_1.png,1,LIDC-IDRI-0405,train
series_372_nodule_1\slice_2.png,1,LIDC-IDRI-0405,train
series_372_nodule_1\slice_3.png,1,LIDC-IDRI-0405,train
series_372_nodule_1\slice_4.png,1,LIDC-IDRI-0405,train
series_373_nodule_0\slice_0.png,1,LIDC-IDRI-0406,train
series_373_nodule_0\slice_1.png,1,LIDC-IDRI-0406,train
series_373_nodule_0\slice_2.png,1,LIDC-IDRI-0406,train
series_373_nodule_0\slice_3.png,1,LIDC-IDRI-0406,train
series_373_nodule_0\slice_4.png,1,LIDC-IDRI-0406,train
series_374_nodule_0\slice_0.png,2,LIDC-IDRI-0407,train
series_374_nodule_0\slice_1.png,2,LIDC-IDRI-0407,train
series_374_nodule_0\slice_2.png,2,LIDC-IDRI-0407,train
series_374_nodule_0\slice_3.png,2,LIDC-IDRI-0407,train
series_374_nodule_0\slice_4.png,2,LIDC-IDRI-0407,train
series_374_nodule_0\slice_5.png,2,LIDC-IDRI-0407,train
series_374_nodule_0\slice_6.png,2,LIDC-IDRI-0407,train
series_374_nodule_0\slice_7.png,2,LIDC-IDRI-0407,train
series_374_nodule_1\slice_0.png,0,LIDC-IDRI-0407,train
series_374_nodule_1\slice_1.png,0,LIDC-IDRI-0407,train
series_374_nodule_1\slice_2.png,0,LIDC-IDRI-0407,train
series_374_nodule_1\slice_3.png,0,LIDC-IDRI-0407,train
series_374_nodule_2\slice_0.png,1,LIDC-IDRI-0407,train
series_374_nodule_2\slice_1.png,1,LIDC-IDRI-0407,train
series_374_nodule_2\slice_2.png,1,LIDC-IDRI-0407,train
series_374_nodule_2\slice_3.png,1,LIDC-IDRI-0407,train
series_374_nodule_2\slice_4.png,1,LIDC-IDRI-0407,train
series_375_nodule_0\slice_0.png,0,LIDC-IDRI-0409,train
series_375_nodule_0\slice_1.png,0,LIDC-IDRI-0409,train
series_375_nodule_0\slice_2.png,0,LIDC-IDRI-0409,train
series_375_nodule_0\slice_3.png,0,LIDC-IDRI-0409,train
series_375_nodule_0\slice_4.png,0,LIDC-IDRI-0409,train
series_375_nodule_0\slice_5.png,0,LIDC-IDRI-0409,train
series_375_nodule_0\slice_6.png,0,LIDC-IDRI-0409,train
series_375_nodule_0\slice_7.png,0,LIDC-IDRI-0409,train
series_375_nodule_0\slice_8.png,0,LIDC-IDRI-0409,train
series_375_nodule_1\slice_0.png,1,LIDC-IDRI-0409,train
series_375_nodule_1\slice_1.png,1,LIDC-IDRI-0409,train
series_375_nodule_1\slice_2.png,1,LIDC-IDRI-0409,train
series_375_nodule_2\slice_0.png,1,LIDC-IDRI-0409,train
series_375_nodule_2\slice_1.png,1,LIDC-IDRI-0409,train
series_375_nodule_2\slice_10.png,1,LIDC-IDRI-0409,train
series_375_nodule_2\slice_2.png,1,LIDC-IDRI-0409,train
series_375_nodule_2\slice_3.png,1,LIDC-IDRI-0409,train
series_375_nodule_2\slice_4.png,1,LIDC-IDRI-0409,train
series_375_nodule_2\slice_5.png,1,LIDC-IDRI-0409,train
series_375_nodule_2\slice_6.png,1,LIDC-IDRI-0409,train
series_375_nodule_2\slice_7.png,1,LIDC-IDRI-0409,train
series_375_nodule_2\slice_8.png,1,LIDC-IDRI-0409,train
series_375_nodule_2\slice_9.png,1,LIDC-IDRI-0409,train
series_378_nodule_0\slice_0.png,0,LIDC-IDRI-0412,train
series_378_nodule_0\slice_1.png,0,LIDC-IDRI-0412,train
series_378_nodule_0\slice_2.png,0,LIDC-IDRI-0412,train
series_378_nodule_0\slice_3.png,0,LIDC-IDRI-0412,train
series_378_nodule_1\slice_0.png,1,LIDC-IDRI-0412,train
series_378_nodule_1\slice_1.png,1,LIDC-IDRI-0412,train
series_378_nodule_1\slice_2.png,1,LIDC-IDRI-0412,train
series_378_nodule_1\slice_3.png,1,LIDC-IDRI-0412,train
series_378_nodule_1\slice_4.png,1,LIDC-IDRI-0412,train
series_378_nodule_1\slice_5.png,1,LIDC-IDRI-0412,train
series_378_nodule_1\slice_6.png,1,LIDC-IDRI-0412,train
series_379_nodule_0\slice_0.png,1,LIDC-IDRI-0413,train
series_379_nodule_0\slice_1.png,1,LIDC-IDRI-0413,train
series_379_nodule_1\slice_0.png,0,LIDC-IDRI-0413,train
series_379_nodule_1\slice_1.png,0,LIDC-IDRI-0413,train
series_380_nodule_0\slice_0.png,1,LIDC-IDRI-0414,train
series_380_nodule_0\slice_1.png,1,LIDC-IDRI-0414,train
series_380_nodule_0\slice_2.png,1,LIDC-IDRI-0414,train
series_380_nodule_0\slice_3.png,1,LIDC-IDRI-0414,train
series_380_nodule_0\slice_4.png,1,LIDC-IDRI-0414,train
series_381_nodule_0\slice_0.png,1,LIDC-IDRI-0416,train
series_381_nodule_0\slice_1.png,1,LIDC-IDRI-0416,train
series_381_nodule_0\slice_2.png,1,LIDC-IDRI-0416,train
series_381_nodule_1\slice_0.png,1,LIDC-IDRI-0416,train
series_381_nodule_1\slice_1.png,1,LIDC-IDRI-0416,train
series_381_nodule_1\slice_2.png,1,LIDC-IDRI-0416,train
series_384_nodule_0\slice_0.png,0,LIDC-IDRI-0419,train
series_384_nodule_0\slice_1.png,0,LIDC-IDRI-0419,train
series_384_nodule_0\slice_2.png,0,LIDC-IDRI-0419,train
series_384_nodule_0\slice_3.png,0,LIDC-IDRI-0419,train
series_385_nodule_0\slice_0.png,2,LIDC-IDRI-0420,val
series_385_nodule_0\slice_1.png,2,LIDC-IDRI-0420,val
series_385_nodule_0\slice_2.png,2,LIDC-IDRI-0420,val
series_385_nodule_1\slice_0.png,1,LIDC-IDRI-0420,val
series_385_nodule_1\slice_1.png,1,LIDC-IDRI-0420,val
series_385_nodule_1\slice_2.png,1,LIDC-IDRI-0420,val
series_386_nodule_0\slice_0.png,0,LIDC-IDRI-0421,train
series_386_nodule_0\slice_1.png,0,LIDC-IDRI-0421,train
series_386_nodule_0\slice_2.png,0,LIDC-IDRI-0421,train
series_386_nodule_1\slice_0.png,2,LIDC-IDRI-0421,train
series_386_nodule_1\slice_1.png,2,LIDC-IDRI-0421,train
series_386_nodule_1\slice_2.png,2,LIDC-IDRI-0421,train
series_386_nodule_1\slice_3.png,2,LIDC-IDRI-0421,train
series_386_nodule_1\slice_4.png,2,LIDC-IDRI-0421,train
series_386_nodule_1\slice_5.png,2,LIDC-IDRI-0421,train
series_386_nodule_1\slice_6.png,2,LIDC-IDRI-0421,train
series_386_nodule_1\slice_7.png,2,LIDC-IDRI-0421,train
series_386_nodule_1\slice_8.png,2,LIDC-IDRI-0421,train
series_387_nodule_0\slice_0.png,2,LIDC-IDRI-0423,val
series_387_nodule_0\slice_1.png,2,LIDC-IDRI-0423,val
series_387_nodule_0\slice_10.png,2,LIDC-IDRI-0423,val
series_387_nodule_0\slice_11.png,2,LIDC-IDRI-0423,val
series_387_nodule_0\slice_12.png,2,LIDC-IDRI-0423,val
series_387_nodule_0\slice_13.png,2,LIDC-IDRI-0423,val
series_387_nodule_0\slice_2.png,2,LIDC-IDRI-0423,val
series_387_nodule_0\slice_3.png,2,LIDC-IDRI-0423,val
series_387_nodule_0\slice_4.png,2,LIDC-IDRI-0423,val
series_387_nodule_0\slice_5.png,2,LIDC-IDRI-0423,val
series_387_nodule_0\slice_6.png,2,LIDC-IDRI-0423,val
series_387_nodule_0\slice_7.png,2,LIDC-IDRI-0423,val
series_387_nodule_0\slice_8.png,2,LIDC-IDRI-0423,val
series_387_nodule_0\slice_9.png,2,LIDC-IDRI-0423,val
series_390_nodule_0\slice_0.png,0,LIDC-IDRI-0426,train
series_390_nodule_0\slice_1.png,0,LIDC-IDRI-0426,train
series_390_nodule_0\slice_2.png,0,LIDC-IDRI-0426,train
series_390_nodule_0\slice_3.png,0,LIDC-IDRI-0426,train
series_391_nodule_0\slice_0.png,0,LIDC-IDRI-0427,train
series_391_nodule_0\slice_1.png,0,LIDC-IDRI-0427,train
series_391_nodule_0\slice_10.png,0,LIDC-IDRI-0427,train
series_391_nodule_0\slice_2.png,0,LIDC-IDRI-0427,train
series_391_nodule_0\slice_3.png,0,LIDC-IDRI-0427,train
series_391_nodule_0\slice_4.png,0,LIDC-IDRI-0427,train
series_391_nodule_0\slice_5.png,0,LIDC-IDRI-0427,train
series_391_nodule_0\slice_6.png,0,LIDC-IDRI-0427,train
series_391_nodule_0\slice_7.png,0,LIDC-IDRI-0427,train
series_391_nodule_0\slice_8.png,0,LIDC-IDRI-0427,train
series_391_nodule_0\slice_9.png,0,LIDC-IDRI-0427,train
series_391_nodule_1\slice_0.png,0,LIDC-IDRI-0427,train
series_391_nodule_1\slice_1.png,0,LIDC-IDRI-0427,train
series_391_nodule_1\slice_2.png,0,LIDC-IDRI-0427,train
series_391_nodule_1\slice_3.png,0,LIDC-IDRI-0427,train
series_391_nodule_1\slice_4.png,0,LIDC-IDRI-0427,train
series_391_nodule_1\slice_5.png,0,LIDC-IDRI-0427,train
series_391_nodule_1\slice_6.png,0,LIDC-IDRI-0427,train
series_391_nodule_2\slice_0.png,0,LIDC-IDRI-0427,train
series_391_nodule_2\slice_1.png,0,LIDC-IDRI-0427,train
series_391_nodule_2\slice_2.png,0,LIDC-IDRI-0427,train
series_391_nodule_2\slice_3.png,0,LIDC-IDRI-0427,train
series_391_nodule_2\slice_4.png,0,LIDC-IDRI-0427,train
series_391_nodule_2\slice_5.png,0,LIDC-IDRI-0427,train
series_391_nodule_3\slice_0.png,0,LIDC-IDRI-0427,train
series_391_nodule_3\slice_1.png,0,LIDC-IDRI-0427,train
series_391_nodule_3\slice_2.png,0,LIDC-IDRI-0427,train
series_391_nodule_3\slice_3.png,0,LIDC-IDRI-0427,train
series_391_nodule_3\slice_4.png,0,LIDC-IDRI-0427,train
series_391_nodule_3\slice_5.png,0,LIDC-IDRI-0427,train
series_391_nodule_3\slice_6.png,0,LIDC-IDRI-0427,train
series_397_nodule_0\slice_0.png,0,LIDC-IDRI-0433,train
series_397_nodule_0\slice_1.png,0,LIDC-IDRI-0433,train
series_397_nodule_0\slice_2.png,0,LIDC-IDRI-0433,train
series_397_nodule_0\slice_3.png,0,LIDC-IDRI-0433,train
series_397_nodule_0\slice_4.png,0,LIDC-IDRI-0433,train
series_397_nodule_1\slice_0.png,1,LIDC-IDRI-0433,train
series_397_nodule_1\slice_1.png,1,LIDC-IDRI-0433,train
series_397_nodule_1\slice_2.png,1,LIDC-IDRI-0433,train
series_397_nodule_1\slice_3.png,1,LIDC-IDRI-0433,train
series_397_nodule_1\slice_4.png,1,LIDC-IDRI-0433,train
series_397_nodule_2\slice_0.png,1,LIDC-IDRI-0433,train
series_397_nodule_2\slice_1.png,1,LIDC-IDRI-0433,train
series_397_nodule_3\slice_0.png,1,LIDC-IDRI-0433,train
series_397_nodule_3\slice_1.png,1,LIDC-IDRI-0433,train
series_397_nodule_3\slice_2.png,1,LIDC-IDRI-0433,train
series_397_nodule_3\slice_3.png,1,LIDC-IDRI-0433,train
series_397_nodule_3\slice_4.png,1,LIDC-IDRI-0433,train
series_397_nodule_3\slice_5.png,1,LIDC-IDRI-0433,train
series_398_nodule_0\slice_0.png,1,LIDC-IDRI-0434,train
series_398_nodule_0\slice_1.png,1,LIDC-IDRI-0434,train
series_398_nodule_0\slice_2.png,1,LIDC-IDRI-0434,train
series_398_nodule_0\slice_3.png,1,LIDC-IDRI-0434,train
series_398_nodule_0\slice_4.png,1,LIDC-IDRI-0434,train
series_398_nodule_0\slice_5.png,1,LIDC-IDRI-0434,train
series_398_nodule_1\slice_0.png,1,LIDC-IDRI-0434,train
series_398_nodule_1\slice_1.png,1,LIDC-IDRI-0434,train
series_398_nodule_1\slice_2.png,1,LIDC-IDRI-0434,train
series_398_nodule_1\slice_3.png,1,LIDC-IDRI-0434,train
series_398_nodule_1\slice_4.png,1,LIDC-IDRI-0434,train
series_398_nodule_1\slice_5.png,1,LIDC-IDRI-0434,train
series_398_nodule_1\slice_6.png,1,LIDC-IDRI-0434,train
series_399_nodule_0\slice_0.png,0,LIDC-IDRI-0437,test
series_399_nodule_0\slice_1.png,0,LIDC-IDRI-0437,test
series_399_nodule_0\slice_2.png,0,LIDC-IDRI-0437,test
series_399_nodule_0\slice_3.png,0,LIDC-IDRI-0437,test
series_399_nodule_0\slice_4.png,0,LIDC-IDRI-0437,test
series_399_nodule_0\slice_5.png,0,LIDC-IDRI-0437,test
series_399_nodule_0\slice_6.png,0,LIDC-IDRI-0437,test
series_399_nodule_0\slice_7.png,0,LIDC-IDRI-0437,test
series_399_nodule_0\slice_8.png,0,LIDC-IDRI-0437,test
series_399_nodule_1\slice_0.png,0,LIDC-IDRI-0437,test
series_399_nodule_1\slice_1.png,0,LIDC-IDRI-0437,test
series_399_nodule_1\slice_10.png,0,LIDC-IDRI-0437,test
series_399_nodule_1\slice_2.png,0,LIDC-IDRI-0437,test
series_399_nodule_1\slice_3.png,0,LIDC-IDRI-0437,test
series_399_nodule_1\slice_4.png,0,LIDC-IDRI-0437,test
series_399_nodule_1\slice_5.png,0,LIDC-IDRI-0437,test
series_399_nodule_1\slice_6.png,0,LIDC-IDRI-0437,test
series_399_nodule_1\slice_7.png,0,LIDC-IDRI-0437,test
series_399_nodule_1\slice_8.png,0,LIDC-IDRI-0437,test
series_399_nodule_1\slice_9.png,0,LIDC-IDRI-0437,test
series_399_nodule_2\slice_0.png,0,LIDC-IDRI-0437,test
series_399_nodule_2\slice_1.png,0,LIDC-IDRI-0437,test
series_399_nodule_2\slice_10.png,0,LIDC-IDRI-0437,test
series_399_nodule_2\slice_2.png,0,LIDC-IDRI-0437,test
series_399_nodule_2\slice_3.png,0,LIDC-IDRI-0437,test
series_399_nodule_2\slice_4.png,0,LIDC-IDRI-0437,test
series_399_nodule_2\slice_5.png,0,LIDC-IDRI-0437,test
series_399_nodule_2\slice_6.png,0,LIDC-IDRI-0437,test
series_399_nodule_2\slice_7.png,0,LIDC-IDRI-0437,test
series_399_nodule_2\slice_8.png,0,LIDC-IDRI-0437,test
series_399_nodule_2\slice_9.png,0,LIDC-IDRI-0437,test
series_400_nodule_0\slice_0.png,1,LIDC-IDRI-0438,train
series_400_nodule_0\slice_1.png,1,LIDC-IDRI-0438,train
series_400_nodule_0\slice_10.png,1,LIDC-IDRI-0438,train
series_400_nodule_0\slice_11.png,1,LIDC-IDRI-0438,train
series_400_nodule_0\slice_12.png,1,LIDC-IDRI-0438,train
series_400_nodule_0\slice_2.png,1,LIDC-IDRI-0438,train
series_400_nodule_0\slice_3.png,1,LIDC-IDRI-0438,train
series_400_nodule_0\slice_4.png,1,LIDC-IDRI-0438,train
series_400_nodule_0\slice_5.png,1,LIDC-IDRI-0438,train
series_400_nodule_0\slice_6.png,1,LIDC-IDRI-0438,train
series_400_nodule_0\slice_7.png,1,LIDC-IDRI-0438,train
series_400_nodule_0\slice_8.png,1,LIDC-IDRI-0438,train
series_400_nodule_0\slice_9.png,1,LIDC-IDRI-0438,train
series_401_nodule_0\slice_0.png,1,LIDC-IDRI-0439,train
series_401_nodule_0\slice_1.png,1,LIDC-IDRI-0439,train
series_401_nodule_0\slice_2.png,1,LIDC-IDRI-0439,train
series_401_nodule_0\slice_3.png,1,LIDC-IDRI-0439,train
series_401_nodule_0\slice_4.png,1,LIDC-IDRI-0439,train
series_401_nodule_0\slice_5.png,1,LIDC-IDRI-0439,train
series_401_nodule_0\slice_6.png,1,LIDC-IDRI-0439,train
series_401_nodule_1\slice_0.png,0,LIDC-IDRI-0439,train
series_401_nodule_1\slice_1.png,0,LIDC-IDRI-0439,train
series_401_nodule_1\slice_2.png,0,LIDC-IDRI-0439,train
series_404_nodule_0\slice_0.png,1,LIDC-IDRI-0442,test
series_404_nodule_0\slice_1.png,1,LIDC-IDRI-0442,test
series_404_nodule_1\slice_0.png,0,LIDC-IDRI-0442,test
series_404_nodule_1\slice_1.png,0,LIDC-IDRI-0442,test
series_404_nodule_2\slice_0.png,0,LIDC-IDRI-0442,test
series_404_nodule_2\slice_1.png,0,LIDC-IDRI-0442,test
series_405_nodule_0\slice_0.png,1,LIDC-IDRI-0442,test
series_405_nodule_0\slice_1.png,1,LIDC-IDRI-0442,test
series_405_nodule_1\slice_0.png,0,LIDC-IDRI-0442,test
series_405_nodule_2\slice_0.png,1,LIDC-IDRI-0442,test
series_405_nodule_2\slice_1.png,1,LIDC-IDRI-0442,test
series_406_nodule_0\slice_0.png,0,LIDC-IDRI-0443,train
series_406_nodule_0\slice_1.png,0,LIDC-IDRI-0443,train
series_406_nodule_0\slice_2.png,0,LIDC-IDRI-0443,train
series_406_nodule_0\slice_3.png,0,LIDC-IDRI-0443,train
series_406_nodule_0\slice_4.png,0,LIDC-IDRI-0443,train
series_406_nodule_0\slice_5.png,0,LIDC-IDRI-0443,train
series_406_nodule_0\slice_6.png,0,LIDC-IDRI-0443,train
series_406_nodule_0\slice_7.png,0,LIDC-IDRI-0443,train
series_406_nodule_0\slice_8.png,0,LIDC-IDRI-0443,train
series_408_nodule_0\slice_0.png,2,LIDC-IDRI-0445,train
series_408_nodule_0\slice_1.png,2,LIDC-IDRI-0445,train
series_408_nodule_0\slice_2.png,2,LIDC-IDRI-0445,train
series_408_nodule_0\slice_3.png,2,LIDC-IDRI-0445,train
series_410_nodule_0\slice_0.png,1,LIDC-IDRI-0448,train
series_410_nodule_0\slice_1.png,1,LIDC-IDRI-0448,train
series_410_nodule_0\slice_2.png,1,LIDC-IDRI-0448,train
series_410_nodule_0\slice_3.png,1,LIDC-IDRI-0448,train
series_410_nodule_0\slice_4.png,1,LIDC-IDRI-0448,train
series_410_nodule_0\slice_5.png,1,LIDC-IDRI-0448,train
series_410_nodule_1\slice_0.png,1,LIDC-IDRI-0448,train
series_410_nodule_1\slice_1.png,1,LIDC-IDRI-0448,train
series_410_nodule_1\slice_2.png,1,LIDC-IDRI-0448,train
series_410_nodule_1\slice_3.png,1,LIDC-IDRI-0448,train
series_410_nodule_1\slice_4.png,1,LIDC-IDRI-0448,train
series_410_nodule_2\slice_0.png,1,LIDC-IDRI-0448,train
series_410_nodule_2\slice_1.png,1,LIDC-IDRI-0448,train
series_410_nodule_2\slice_2.png,1,LIDC-IDRI-0448,train
series_410_nodule_2\slice_3.png,1,LIDC-IDRI-0448,train
series_410_nodule_3\slice_0.png,1,LIDC-IDRI-0448,train
series_410_nodule_3\slice_1.png,1,LIDC-IDRI-0448,train
series_410_nodule_3\slice_2.png,1,LIDC-IDRI-0448,train
series_410_nodule_3\slice_3.png,1,LIDC-IDRI-0448,train
series_410_nodule_3\slice_4.png,1,LIDC-IDRI-0448,train
series_411_nodule_0\slice_0.png,1,LIDC-IDRI-0449,train
series_411_nodule_0\slice_1.png,1,LIDC-IDRI-0449,train
series_411_nodule_0\slice_2.png,1,LIDC-IDRI-0449,train
series_411_nodule_1\slice_0.png,1,LIDC-IDRI-0449,train
series_411_nodule_1\slice_1.png,1,LIDC-IDRI-0449,train
series_411_nodule_1\slice_2.png,1,LIDC-IDRI-0449,train
series_412_nodule_0\slice_0.png,1,LIDC-IDRI-0450,train
series_412_nodule_0\slice_1.png,1,LIDC-IDRI-0450,train
series_412_nodule_0\slice_2.png,1,LIDC-IDRI-0450,train
series_412_nodule_0\slice_3.png,1,LIDC-IDRI-0450,train
series_412_nodule_1\slice_0.png,1,LIDC-IDRI-0450,train
series_412_nodule_1\slice_1.png,1,LIDC-IDRI-0450,train
series_412_nodule_1\slice_2.png,1,LIDC-IDRI-0450,train
series_412_nodule_1\slice_3.png,1,LIDC-IDRI-0450,train
series_412_nodule_1\slice_4.png,1,LIDC-IDRI-0450,train
series_412_nodule_1\slice_5.png,1,LIDC-IDRI-0450,train
series_412_nodule_2\slice_0.png,1,LIDC-IDRI-0450,train
series_412_nodule_2\slice_1.png,1,LIDC-IDRI-0450,train
series_412_nodule_2\slice_2.png,1,LIDC-IDRI-0450,train
series_412_nodule_2\slice_3.png,1,LIDC-IDRI-0450,train
series_412_nodule_2\slice_4.png,1,LIDC-IDRI-0450,train
series_412_nodule_3\slice_0.png,1,LIDC-IDRI-0450,train
series_412_nodule_3\slice_1.png,1,LIDC-IDRI-0450,train
series_412_nodule_3\slice_2.png,1,LIDC-IDRI-0450,train
series_412_nodule_4\slice_0.png,1,LIDC-IDRI-0450,train
series_412_nodule_4\slice_1.png,1,LIDC-IDRI-0450,train
series_412_nodule_4\slice_2.png,1,LIDC-IDRI-0450,train
series_412_nodule_4\slice_3.png,1,LIDC-IDRI-0450,train
series_412_nodule_5\slice_0.png,2,LIDC-IDRI-0450,train
series_412_nodule_5\slice_1.png,2,LIDC-IDRI-0450,train
series_412_nodule_5\slice_2.png,2,LIDC-IDRI-0450,train
series_412_nodule_5\slice_3.png,2,LIDC-IDRI-0450,train
series_412_nodule_5\slice_4.png,2,LIDC-IDRI-0450,train
series_412_nodule_5\slice_5.png,2,LIDC-IDRI-0450,train
series_412_nodule_5\slice_6.png,2,LIDC-IDRI-0450,train
series_412_nodule_6\slice_0.png,1,LIDC-IDRI-0450,train
series_412_nodule_6\slice_1.png,1,LIDC-IDRI-0450,train
series_413_nodule_0\slice_0.png,1,LIDC-IDRI-0451,train
series_413_nodule_0\slice_1.png,1,LIDC-IDRI-0451,train
series_413_nodule_0\slice_2.png,1,LIDC-IDRI-0451,train
series_413_nodule_0\slice_3.png,1,LIDC-IDRI-0451,train
series_413_nodule_0\slice_4.png,1,LIDC-IDRI-0451,train
series_413_nodule_0\slice_5.png,1,LIDC-IDRI-0451,train
series_414_nodule_0\slice_0.png,1,LIDC-IDRI-0452,train
series_414_nodule_0\slice_1.png,1,LIDC-IDRI-0452,train
series_414_nodule_0\slice_2.png,1,LIDC-IDRI-0452,train
series_414_nodule_0\slice_3.png,1,LIDC-IDRI-0452,train
series_415_nodule_0\slice_0.png,1,LIDC-IDRI-0453,train
series_415_nodule_0\slice_1.png,1,LIDC-IDRI-0453,train
series_415_nodule_0\slice_2.png,1,LIDC-IDRI-0453,train
series_415_nodule_0\slice_3.png,1,LIDC-IDRI-0453,train
series_416_nodule_0\slice_0.png,2,LIDC-IDRI-0454,train
series_416_nodule_0\slice_1.png,2,LIDC-IDRI-0454,train
series_416_nodule_0\slice_10.png,2,LIDC-IDRI-0454,train
series_416_nodule_0\slice_11.png,2,LIDC-IDRI-0454,train
series_416_nodule_0\slice_12.png,2,LIDC-IDRI-0454,train
series_416_nodule_0\slice_13.png,2,LIDC-IDRI-0454,train
series_416_nodule_0\slice_14.png,2,LIDC-IDRI-0454,train
series_416_nodule_0\slice_15.png,2,LIDC-IDRI-0454,train
series_416_nodule_0\slice_16.png,2,LIDC-IDRI-0454,train
series_416_nodule_0\slice_17.png,2,LIDC-IDRI-0454,train
series_416_nodule_0\slice_2.png,2,LIDC-IDRI-0454,train
series_416_nodule_0\slice_3.png,2,LIDC-IDRI-0454,train
series_416_nodule_0\slice_4.png,2,LIDC-IDRI-0454,train
series_416_nodule_0\slice_5.png,2,LIDC-IDRI-0454,train
series_416_nodule_0\slice_6.png,2,LIDC-IDRI-0454,train
series_416_nodule_0\slice_7.png,2,LIDC-IDRI-0454,train
series_416_nodule_0\slice_8.png,2,LIDC-IDRI-0454,train
series_416_nodule_0\slice_9.png,2,LIDC-IDRI-0454,train
series_416_nodule_1\slice_0.png,1,LIDC-IDRI-0454,train
series_416_nodule_1\slice_1.png,1,LIDC-IDRI-0454,train
series_416_nodule_1\slice_2.png,1,LIDC-IDRI-0454,train
series_416_nodule_1\slice_3.png,1,LIDC-IDRI-0454,train
series_416_nodule_2\slice_0.png,2,LIDC-IDRI-0454,train
series_416_nodule_2\slice_1.png,2,LIDC-IDRI-0454,train
series_416_nodule_2\slice_2.png,2,LIDC-IDRI-0454,train
series_416_nodule_2\slice_3.png,2,LIDC-IDRI-0454,train
series_416_nodule_2\slice_4.png,2,LIDC-IDRI-0454,train
series_416_nodule_3\slice_0.png,1,LIDC-IDRI-0454,train
series_416_nodule_3\slice_1.png,1,LIDC-IDRI-0454,train
series_416_nodule_3\slice_2.png,1,LIDC-IDRI-0454,train
series_416_nodule_3\slice_3.png,1,LIDC-IDRI-0454,train
series_416_nodule_3\slice_4.png,1,LIDC-IDRI-0454,train
series_417_nodule_0\slice_0.png,0,LIDC-IDRI-0456,val
series_417_nodule_0\slice_1.png,0,LIDC-IDRI-0456,val
series_417_nodule_0\slice_2.png,0,LIDC-IDRI-0456,val
series_417_nodule_0\slice_3.png,0,LIDC-IDRI-0456,val
series_417_nodule_1\slice_0.png,0,LIDC-IDRI-0456,val
series_417_nodule_1\slice_1.png,0,LIDC-IDRI-0456,val
series_417_nodule_1\slice_10.png,0,LIDC-IDRI-0456,val
series_417_nodule_1\slice_11.png,0,LIDC-IDRI-0456,val
series_417_nodule_1\slice_2.png,0,LIDC-IDRI-0456,val
series_417_nodule_1\slice_3.png,0,LIDC-IDRI-0456,val
series_417_nodule_1\slice_4.png,0,LIDC-IDRI-0456,val
series_417_nodule_1\slice_5.png,0,LIDC-IDRI-0456,val
series_417_nodule_1\slice_6.png,0,LIDC-IDRI-0456,val
series_417_nodule_1\slice_7.png,0,LIDC-IDRI-0456,val
series_417_nodule_1\slice_8.png,0,LIDC-IDRI-0456,val
series_417_nodule_1\slice_9.png,0,LIDC-IDRI-0456,val
series_417_nodule_2\slice_0.png,0,LIDC-IDRI-0456,val
series_417_nodule_2\slice_1.png,0,LIDC-IDRI-0456,val
series_417_nodule_2\slice_2.png,0,LIDC-IDRI-0456,val
series_417_nodule_2\slice_3.png,0,LIDC-IDRI-0456,val
series_417_nodule_2\slice_4.png,0,LIDC-IDRI-0456,val
series_419_nodule_0\slice_0.png,1,LIDC-IDRI-0458,train
series_419_nodule_0\slice_1.png,1,LIDC-IDRI-0458,train
series_419_nodule_0\slice_2.png,1,LIDC-IDRI-0458,train
series_419_nodule_0\slice_3.png,1,LIDC-IDRI-0458,train
series_419_nodule_1\slice_0.png,1,LIDC-IDRI-0458,train
series_419_nodule_1\slice_1.png,1,LIDC-IDRI-0458,train
series_419_nodule_1\slice_2.png,1,LIDC-IDRI-0458,train
series_423_nodule_0\slice_0.png,0,LIDC-IDRI-0463,train
series_423_nodule_0\slice_1.png,0,LIDC-IDRI-0463,train
series_423_nodule_0\slice_2.png,0,LIDC-IDRI-0463,train
series_423_nodule_0\slice_3.png,0,LIDC-IDRI-0463,train
series_423_nodule_0\slice_4.png,0,LIDC-IDRI-0463,train
series_423_nodule_0\slice_5.png,0,LIDC-IDRI-0463,train
series_423_nodule_0\slice_6.png,0,LIDC-IDRI-0463,train
series_423_nodule_0\slice_7.png,0,LIDC-IDRI-0463,train
series_423_nodule_1\slice_0.png,1,LIDC-IDRI-0463,train
series_423_nodule_1\slice_1.png,1,LIDC-IDRI-0463,train
series_423_nodule_1\slice_10.png,1,LIDC-IDRI-0463,train
series_423_nodule_1\slice_11.png,1,LIDC-IDRI-0463,train
series_423_nodule_1\slice_12.png,1,LIDC-IDRI-0463,train
series_423_nodule_1\slice_13.png,1,LIDC-IDRI-0463,train
series_423_nodule_1\slice_2.png,1,LIDC-IDRI-0463,train
series_423_nodule_1\slice_3.png,1,LIDC-IDRI-0463,train
series_423_nodule_1\slice_4.png,1,LIDC-IDRI-0463,train
series_423_nodule_1\slice_5.png,1,LIDC-IDRI-0463,train
series_423_nodule_1\slice_6.png,1,LIDC-IDRI-0463,train
series_423_nodule_1\slice_7.png,1,LIDC-IDRI-0463,train
series_423_nodule_1\slice_8.png,1,LIDC-IDRI-0463,train
series_423_nodule_1\slice_9.png,1,LIDC-IDRI-0463,train
series_425_nodule_0\slice_0.png,0,LIDC-IDRI-0466,train
series_425_nodule_0\slice_1.png,0,LIDC-IDRI-0466,train
series_425_nodule_0\slice_2.png,0,LIDC-IDRI-0466,train
series_425_nodule_0\slice_3.png,0,LIDC-IDRI-0466,train
series_426_nodule_0\slice_0.png,1,LIDC-IDRI-0467,train
series_426_nodule_0\slice_1.png,1,LIDC-IDRI-0467,train
series_426_nodule_0\slice_2.png,1,LIDC-IDRI-0467,train
series_426_nodule_0\slice_3.png,1,LIDC-IDRI-0467,train
series_427_nodule_0\slice_0.png,1,LIDC-IDRI-0468,train
series_427_nodule_0\slice_1.png,1,LIDC-IDRI-0468,train
series_427_nodule_0\slice_2.png,1,LIDC-IDRI-0468,train
series_427_nodule_0\slice_3.png,1,LIDC-IDRI-0468,train
series_427_nodule_0\slice_4.png,1,LIDC-IDRI-0468,train
series_427_nodule_0\slice_5.png,1,LIDC-IDRI-0468,train
series_427_nodule_0\slice_6.png,1,LIDC-IDRI-0468,train
series_428_nodule_0\slice_0.png,1,LIDC-IDRI-0469,val
series_428_nodule_0\slice_1.png,1,LIDC-IDRI-0469,val
series_428_nodule_0\slice_10.png,1,LIDC-IDRI-0469,val
series_428_nodule_0\slice_11.png,1,LIDC-IDRI-0469,val
series_428_nodule_0\slice_12.png,1,LIDC-IDRI-0469,val
series_428_nodule_0\slice_13.png,1,LIDC-IDRI-0469,val
series_428_nodule_0\slice_14.png,1,LIDC-IDRI-0469,val
series_428_nodule_0\slice_15.png,1,LIDC-IDRI-0469,val
series_428_nodule_0\slice_16.png,1,LIDC-IDRI-0469,val
series_428_nodule_0\slice_17.png,1,LIDC-IDRI-0469,val
series_428_nodule_0\slice_18.png,1,LIDC-IDRI-0469,val
series_428_nodule_0\slice_19.png,1,LIDC-IDRI-0469,val
series_428_nodule_0\slice_2.png,1,LIDC-IDRI-0469,val
series_428_nodule_0\slice_20.png,1,LIDC-IDRI-0469,val
series_428_nodule_0\slice_3.png,1,LIDC-IDRI-0469,val
series_428_nodule_0\slice_4.png,1,LIDC-IDRI-0469,val
series_428_nodule_0\slice_5.png,1,LIDC-IDRI-0469,val
series_428_nodule_0\slice_6.png,1,LIDC-IDRI-0469,val
series_428_nodule_0\slice_7.png,1,LIDC-IDRI-0469,val
series_428_nodule_0\slice_8.png,1,LIDC-IDRI-0469,val
series_428_nodule_0\slice_9.png,1,LIDC-IDRI-0469,val
series_428_nodule_1\slice_0.png,1,LIDC-IDRI-0469,val
series_428_nodule_1\slice_1.png,1,LIDC-IDRI-0469,val
series_428_nodule_1\slice_2.png,1,LIDC-IDRI-0469,val
series_428_nodule_1\slice_3.png,1,LIDC-IDRI-0469,val
series_428_nodule_1\slice_4.png,1,LIDC-IDRI-0469,val
series_428_nodule_2\slice_0.png,1,LIDC-IDRI-0469,val
series_428_nodule_2\slice_1.png,1,LIDC-IDRI-0469,val
series_428_nodule_2\slice_2.png,1,LIDC-IDRI-0469,val
series_428_nodule_2\slice_3.png,1,LIDC-IDRI-0469,val
series_428_nodule_2\slice_4.png,1,LIDC-IDRI-0469,val
series_428_nodule_2\slice_5.png,1,LIDC-IDRI-0469,val
series_428_nodule_2\slice_6.png,1,LIDC-IDRI-0469,val
series_428_nodule_2\slice_7.png,1,LIDC-IDRI-0469,val
series_429_nodule_0\slice_0.png,2,LIDC-IDRI-0470,train
series_429_nodule_0\slice_1.png,2,LIDC-IDRI-0470,train
series_429_nodule_0\slice_10.png,2,LIDC-IDRI-0470,train
series_429_nodule_0\slice_11.png,2,LIDC-IDRI-0470,train
series_429_nodule_0\slice_12.png,2,LIDC-IDRI-0470,train
series_429_nodule_0\slice_13.png,2,LIDC-IDRI-0470,train
series_429_nodule_0\slice_14.png,2,LIDC-IDRI-0470,train
series_429_nodule_0\slice_15.png,2,LIDC-IDRI-0470,train
series_429_nodule_0\slice_16.png,2,LIDC-IDRI-0470,train
series_429_nodule_0\slice_17.png,2,LIDC-IDRI-0470,train
series_429_nodule_0\slice_2.png,2,LIDC-IDRI-0470,train
series_429_nodule_0\slice_3.png,2,LIDC-IDRI-0470,train
series_429_nodule_0\slice_4.png,2,LIDC-IDRI-0470,train
series_429_nodule_0\slice_5.png,2,LIDC-IDRI-0470,train
series_429_nodule_0\slice_6.png,2,LIDC-IDRI-0470,train
series_429_nodule_0\slice_7.png,2,LIDC-IDRI-0470,train
series_429_nodule_0\slice_8.png,2,LIDC-IDRI-0470,train
series_429_nodule_0\slice_9.png,2,LIDC-IDRI-0470,train
series_432_nodule_0\slice_0.png,0,LIDC-IDRI-0473,train
series_432_nodule_0\slice_1.png,0,LIDC-IDRI-0473,train
series_432_nodule_0\slice_2.png,0,LIDC-IDRI-0473,train
series_432_nodule_0\slice_3.png,0,LIDC-IDRI-0473,train
series_432_nodule_0\slice_4.png,0,LIDC-IDRI-0473,train
series_432_nodule_1\slice_0.png,0,LIDC-IDRI-0473,train
series_432_nodule_1\slice_1.png,0,LIDC-IDRI-0473,train
series_432_nodule_1\slice_2.png,0,LIDC-IDRI-0473,train
series_432_nodule_1\slice_3.png,0,LIDC-IDRI-0473,train
series_432_nodule_1\slice_4.png,0,LIDC-IDRI-0473,train
series_432_nodule_2\slice_0.png,0,LIDC-IDRI-0473,train
series_432_nodule_2\slice_1.png,0,LIDC-IDRI-0473,train
series_432_nodule_3\slice_0.png,1,LIDC-IDRI-0473,train
series_432_nodule_3\slice_1.png,1,LIDC-IDRI-0473,train
series_432_nodule_3\slice_2.png,1,LIDC-IDRI-0473,train
series_433_nodule_0\slice_0.png,0,LIDC-IDRI-0474,train
series_433_nodule_0\slice_1.png,0,LIDC-IDRI-0474,train
series_433_nodule_0\slice_2.png,0,LIDC-IDRI-0474,train
series_433_nodule_0\slice_3.png,0,LIDC-IDRI-0474,train
series_433_nodule_1\slice_0.png,1,LIDC-IDRI-0474,train
series_433_nodule_1\slice_1.png,1,LIDC-IDRI-0474,train
series_433_nodule_1\slice_2.png,1,LIDC-IDRI-0474,train
series_433_nodule_1\slice_3.png,1,LIDC-IDRI-0474,train
series_433_nodule_1\slice_4.png,1,LIDC-IDRI-0474,train
series_433_nodule_1\slice_5.png,1,LIDC-IDRI-0474,train
series_434_nodule_0\slice_0.png,1,LIDC-IDRI-0475,val
series_434_nodule_0\slice_1.png,1,LIDC-IDRI-0475,val
series_435_nodule_0\slice_0.png,1,LIDC-IDRI-0476,train
series_435_nodule_0\slice_1.png,1,LIDC-IDRI-0476,train
series_435_nodule_0\slice_2.png,1,LIDC-IDRI-0476,train
series_435_nodule_0\slice_3.png,1,LIDC-IDRI-0476,train
series_435_nodule_0\slice_4.png,1,LIDC-IDRI-0476,train
series_435_nodule_0\slice_5.png,1,LIDC-IDRI-0476,train
series_435_nodule_0\slice_6.png,1,LIDC-IDRI-0476,train
series_435_nodule_1\slice_0.png,1,LIDC-IDRI-0476,train
series_435_nodule_1\slice_1.png,1,LIDC-IDRI-0476,train
series_435_nodule_1\slice_2.png,1,LIDC-IDRI-0476,train
series_435_nodule_1\slice_3.png,1,LIDC-IDRI-0476,train
series_435_nodule_1\slice_4.png,1,LIDC-IDRI-0476,train
series_435_nodule_1\slice_5.png,1,LIDC-IDRI-0476,train
series_435_nodule_1\slice_6.png,1,LIDC-IDRI-0476,train
series_435_nodule_2\slice_0.png,1,LIDC-IDRI-0476,train
series_435_nodule_2\slice_1.png,1,LIDC-IDRI-0476,train
series_435_nodule_2\slice_2.png,1,LIDC-IDRI-0476,train
series_435_nodule_2\slice_3.png,1,LIDC-IDRI-0476,train
series_435_nodule_3\slice_0.png,1,LIDC-IDRI-0476,train
series_435_nodule_3\slice_1.png,1,LIDC-IDRI-0476,train
series_435_nodule_3\slice_2.png,1,LIDC-IDRI-0476,train
series_435_nodule_3\slice_3.png,1,LIDC-IDRI-0476,train
series_435_nodule_3\slice_4.png,1,LIDC-IDRI-0476,train
series_435_nodule_3\slice_5.png,1,LIDC-IDRI-0476,train
series_435_nodule_3\slice_6.png,1,LIDC-IDRI-0476,train
series_435_nodule_4\slice_0.png,1,LIDC-IDRI-0476,train
series_435_nodule_4\slice_1.png,1,LIDC-IDRI-0476,train
series_435_nodule_4\slice_2.png,1,LIDC-IDRI-0476,train
series_435_nodule_4\slice_3.png,1,LIDC-IDRI-0476,train
series_435_nodule_4\slice_4.png,1,LIDC-IDRI-0476,train
series_435_nodule_4\slice_5.png,1,LIDC-IDRI-0476,train
series_435_nodule_4\slice_6.png,1,LIDC-IDRI-0476,train
series_435_nodule_4\slice_7.png,1,LIDC-IDRI-0476,train
series_435_nodule_5\slice_0.png,1,LIDC-IDRI-0476,train
series_435_nodule_5\slice_1.png,1,LIDC-IDRI-0476,train
series_435_nodule_5\slice_2.png,1,LIDC-IDRI-0476,train
series_435_nodule_5\slice_3.png,1,LIDC-IDRI-0476,train
series_435_nodule_5\slice_4.png,1,LIDC-IDRI-0476,train
series_435_nodule_5\slice_5.png,1,LIDC-IDRI-0476,train
series_435_nodule_5\slice_6.png,1,LIDC-IDRI-0476,train
series_435_nodule_5\slice_7.png,1,LIDC-IDRI-0476,train
series_436_nodule_0\slice_0.png,0,LIDC-IDRI-0478,train
series_436_nodule_0\slice_1.png,0,LIDC-IDRI-0478,train
series_436_nodule_0\slice_2.png,0,LIDC-IDRI-0478,train
series_436_nodule_0\slice_3.png,0,LIDC-IDRI-0478,train
series_436_nodule_0\slice_4.png,0,LIDC-IDRI-0478,train
series_438_nodule_0\slice_0.png,1,LIDC-IDRI-0480,test
series_438_nodule_0\slice_1.png,1,LIDC-IDRI-0480,test
series_439_nodule_0\slice_0.png,0,LIDC-IDRI-0481,train
series_439_nodule_0\slice_1.png,0,LIDC-IDRI-0481,train
series_439_nodule_0\slice_2.png,0,LIDC-IDRI-0481,train
series_439_nodule_0\slice_3.png,0,LIDC-IDRI-0481,train
series_439_nodule_1\slice_0.png,1,LIDC-IDRI-0481,train
series_439_nodule_1\slice_1.png,1,LIDC-IDRI-0481,train
series_439_nodule_1\slice_2.png,1,LIDC-IDRI-0481,train
series_439_nodule_2\slice_0.png,1,LIDC-IDRI-0481,train
series_439_nodule_2\slice_1.png,1,LIDC-IDRI-0481,train
series_439_nodule_2\slice_2.png,1,LIDC-IDRI-0481,train
series_439_nodule_2\slice_3.png,1,LIDC-IDRI-0481,train
series_439_nodule_2\slice_4.png,1,LIDC-IDRI-0481,train
series_439_nodule_2\slice_5.png,1,LIDC-IDRI-0481,train
series_439_nodule_2\slice_6.png,1,LIDC-IDRI-0481,train
series_439_nodule_2\slice_7.png,1,LIDC-IDRI-0481,train
series_439_nodule_3\slice_0.png,0,LIDC-IDRI-0481,train
series_439_nodule_3\slice_1.png,0,LIDC-IDRI-0481,train
series_439_nodule_3\slice_2.png,0,LIDC-IDRI-0481,train
series_441_nodule_0\slice_0.png,2,LIDC-IDRI-0484,train
series_441_nodule_0\slice_1.png,2,LIDC-IDRI-0484,train
series_441_nodule_0\slice_2.png,2,LIDC-IDRI-0484,train
series_441_nodule_0\slice_3.png,2,LIDC-IDRI-0484,train
series_441_nodule_0\slice_4.png,2,LIDC-IDRI-0484,train
series_441_nodule_0\slice_5.png,2,LIDC-IDRI-0484,train
series_442_nodule_0\slice_0.png,2,LIDC-IDRI-0484,train
series_442_nodule_0\slice_1.png,2,LIDC-IDRI-0484,train
series_442_nodule_0\slice_2.png,2,LIDC-IDRI-0484,train
series_442_nodule_0\slice_3.png,2,LIDC-IDRI-0484,train
series_442_nodule_0\slice_4.png,2,LIDC-IDRI-0484,train
series_442_nodule_0\slice_5.png,2,LIDC-IDRI-0484,train
series_443_nodule_0\slice_0.png,0,LIDC-IDRI-0485,val
series_443_nodule_0\slice_1.png,0,LIDC-IDRI-0485,val
series_443_nodule_0\slice_2.png,0,LIDC-IDRI-0485,val
series_443_nodule_1\slice_0.png,1,LIDC-IDRI-0485,val
series_443_nodule_1\slice_1.png,1,LIDC-IDRI-0485,val
series_443_nodule_1\slice_2.png,1,LIDC-IDRI-0485,val
series_443_nodule_1\slice_3.png,1,LIDC-IDRI-0485,val
series_443_nodule_1\slice_4.png,1,LIDC-IDRI-0485,val
series_443_nodule_2\slice_0.png,1,LIDC-IDRI-0485,val
series_443_nodule_2\slice_1.png,1,LIDC-IDRI-0485,val
series_443_nodule_2\slice_2.png,1,LIDC-IDRI-0485,val
series_443_nodule_3\slice_0.png,0,LIDC-IDRI-0485,val
series_443_nodule_3\slice_1.png,0,LIDC-IDRI-0485,val
series_444_nodule_0\slice_0.png,1,LIDC-IDRI-0486,train
series_444_nodule_0\slice_1.png,1,LIDC-IDRI-0486,train
series_444_nodule_0\slice_2.png,1,LIDC-IDRI-0486,train
series_444_nodule_0\slice_3.png,1,LIDC-IDRI-0486,train
series_446_nodule_0\slice_0.png,0,LIDC-IDRI-0488,train
series_446_nodule_0\slice_1.png,0,LIDC-IDRI-0488,train
series_446_nodule_0\slice_2.png,0,LIDC-IDRI-0488,train
series_446_nodule_0\slice_3.png,0,LIDC-IDRI-0488,train
series_446_nodule_0\slice_4.png,0,LIDC-IDRI-0488,train
series_446_nodule_0\slice_5.png,0,LIDC-IDRI-0488,train
series_446_nodule_0\slice_6.png,0,LIDC-IDRI-0488,train
series_446_nodule_1\slice_0.png,1,LIDC-IDRI-0488,train
series_446_nodule_1\slice_1.png,1,LIDC-IDRI-0488,train
series_446_nodule_1\slice_2.png,1,LIDC-IDRI-0488,train
series_446_nodule_1\slice_3.png,1,LIDC-IDRI-0488,train
series_446_nodule_1\slice_4.png,1,LIDC-IDRI-0488,train
series_446_nodule_1\slice_5.png,1,LIDC-IDRI-0488,train
series_447_nodule_0\slice_0.png,2,LIDC-IDRI-0489,test
series_447_nodule_0\slice_1.png,2,LIDC-IDRI-0489,test
series_447_nodule_0\slice_2.png,2,LIDC-IDRI-0489,test
series_447_nodule_0\slice_3.png,2,LIDC-IDRI-0489,test
series_447_nodule_0\slice_4.png,2,LIDC-IDRI-0489,test
series_447_nodule_0\slice_5.png,2,LIDC-IDRI-0489,test
series_447_nodule_0\slice_6.png,2,LIDC-IDRI-0489,test
series_447_nodule_0\slice_7.png,2,LIDC-IDRI-0489,test
series_447_nodule_0\slice_8.png,2,LIDC-IDRI-0489,test
series_447_nodule_1\slice_0.png,2,LIDC-IDRI-0489,test
series_447_nodule_1\slice_1.png,2,LIDC-IDRI-0489,test
series_447_nodule_1\slice_2.png,2,LIDC-IDRI-0489,test
series_447_nodule_1\slice_3.png,2,LIDC-IDRI-0489,test
series_447_nodule_1\slice_4.png,2,LIDC-IDRI-0489,test
series_447_nodule_2\slice_0.png,2,LIDC-IDRI-0489,test
series_447_nodule_2\slice_1.png,2,LIDC-IDRI-0489,test
series_447_nodule_2\slice_2.png,2,LIDC-IDRI-0489,test
series_447_nodule_2\slice_3.png,2,LIDC-IDRI-0489,test
series_447_nodule_2\slice_4.png,2,LIDC-IDRI-0489,test
series_447_nodule_2\slice_5.png,2,LIDC-IDRI-0489,test
series_447_nodule_3\slice_0.png,1,LIDC-IDRI-0489,test
series_447_nodule_3\slice_1.png,1,LIDC-IDRI-0489,test
series_447_nodule_3\slice_2.png,1,LIDC-IDRI-0489,test
series_447_nodule_4\slice_0.png,1,LIDC-IDRI-0489,test
series_447_nodule_4\slice_1.png,1,LIDC-IDRI-0489,test
series_447_nodule_4\slice_2.png,1,LIDC-IDRI-0489,test
series_447_nodule_5\slice_0.png,1,LIDC-IDRI-0489,test
series_447_nodule_5\slice_1.png,1,LIDC-IDRI-0489,test
series_447_nodule_6\slice_0.png,1,LIDC-IDRI-0489,test
series_447_nodule_6\slice_1.png,1,LIDC-IDRI-0489,test
series_447_nodule_6\slice_2.png,1,LIDC-IDRI-0489,test
series_447_nodule_6\slice_3.png,1,LIDC-IDRI-0489,test
series_447_nodule_7\slice_0.png,2,LIDC-IDRI-0489,test
series_447_nodule_7\slice_1.png,2,LIDC-IDRI-0489,test
series_447_nodule_7\slice_2.png,2,LIDC-IDRI-0489,test
series_447_nodule_7\slice_3.png,2,LIDC-IDRI-0489,test
series_447_nodule_7\slice_4.png,2,LIDC-IDRI-0489,test
series_447_nodule_7\slice_5.png,2,LIDC-IDRI-0489,test
series_447_nodule_7\slice_6.png,2,LIDC-IDRI-0489,test
series_447_nodule_7\slice_7.png,2,LIDC-IDRI-0489,test
series_448_nodule_0\slice_0.png,2,LIDC-IDRI-0490,train
series_448_nodule_0\slice_1.png,2,LIDC-IDRI-0490,train
series_448_nodule_0\slice_10.png,2,LIDC-IDRI-0490,train
series_448_nodule_0\slice_11.png,2,LIDC-IDRI-0490,train
series_448_nodule_0\slice_12.png,2,LIDC-IDRI-0490,train
series_448_nodule_0\slice_13.png,2,LIDC-IDRI-0490,train
series_448_nodule_0\slice_14.png,2,LIDC-IDRI-0490,train
series_448_nodule_0\slice_15.png,2,LIDC-IDRI-0490,train
series_448_nodule_0\slice_16.png,2,LIDC-IDRI-0490,train
series_448_nodule_0\slice_17.png,2,LIDC-IDRI-0490,train
series_448_nodule_0\slice_18.png,2,LIDC-IDRI-0490,train
series_448_nodule_0\slice_19.png,2,LIDC-IDRI-0490,train
series_448_nodule_0\slice_2.png,2,LIDC-IDRI-0490,train
series_448_nodule_0\slice_20.png,2,LIDC-IDRI-0490,train
series_448_nodule_0\slice_21.png,2,LIDC-IDRI-0490,train
series_448_nodule_0\slice_22.png,2,LIDC-IDRI-0490,train
series_448_nodule_0\slice_23.png,2,LIDC-IDRI-0490,train
series_448_nodule_0\slice_24.png,2,LIDC-IDRI-0490,train
series_448_nodule_0\slice_25.png,2,LIDC-IDRI-0490,train
series_448_nodule_0\slice_26.png,2,LIDC-IDRI-0490,train
series_448_nodule_0\slice_27.png,2,LIDC-IDRI-0490,train
series_448_nodule_0\slice_28.png,2,LIDC-IDRI-0490,train
series_448_nodule_0\slice_29.png,2,LIDC-IDRI-0490,train
series_448_nodule_0\slice_3.png,2,LIDC-IDRI-0490,train
series_448_nodule_0\slice_30.png,2,LIDC-IDRI-0490,train
series_448_nodule_0\slice_4.png,2,LIDC-IDRI-0490,train
series_448_nodule_0\slice_5.png,2,LIDC-IDRI-0490,train
series_448_nodule_0\slice_6.png,2,LIDC-IDRI-0490,train
series_448_nodule_0\slice_7.png,2,LIDC-IDRI-0490,train
series_448_nodule_0\slice_8.png,2,LIDC-IDRI-0490,train
series_448_nodule_0\slice_9.png,2,LIDC-IDRI-0490,train
series_449_nodule_0\slice_0.png,0,LIDC-IDRI-0491,val
series_449_nodule_0\slice_1.png,0,LIDC-IDRI-0491,val
series_449_nodule_0\slice_2.png,0,LIDC-IDRI-0491,val
series_449_nodule_0\slice_3.png,0,LIDC-IDRI-0491,val
series_449_nodule_0\slice_4.png,0,LIDC-IDRI-0491,val
series_449_nodule_1\slice_0.png,0,LIDC-IDRI-0491,val
series_449_nodule_1\slice_1.png,0,LIDC-IDRI-0491,val
series_449_nodule_1\slice_2.png,0,LIDC-IDRI-0491,val
series_449_nodule_1\slice_3.png,0,LIDC-IDRI-0491,val
series_449_nodule_1\slice_4.png,0,LIDC-IDRI-0491,val
series_449_nodule_2\slice_0.png,0,LIDC-IDRI-0491,val
series_449_nodule_2\slice_1.png,0,LIDC-IDRI-0491,val
series_449_nodule_2\slice_2.png,0,LIDC-IDRI-0491,val
series_449_nodule_2\slice_3.png,0,LIDC-IDRI-0491,val
series_449_nodule_2\slice_4.png,0,LIDC-IDRI-0491,val
series_449_nodule_2\slice_5.png,0,LIDC-IDRI-0491,val
series_449_nodule_3\slice_0.png,0,LIDC-IDRI-0491,val
series_449_nodule_3\slice_1.png,0,LIDC-IDRI-0491,val
series_449_nodule_3\slice_2.png,0,LIDC-IDRI-0491,val
series_449_nodule_3\slice_3.png,0,LIDC-IDRI-0491,val
series_449_nodule_3\slice_4.png,0,LIDC-IDRI-0491,val
series_449_nodule_3\slice_5.png,0,LIDC-IDRI-0491,val
series_449_nodule_4\slice_0.png,1,LIDC-IDRI-0491,val
series_449_nodule_4\slice_1.png,1,LIDC-IDRI-0491,val
series_449_nodule_4\slice_10.png,1,LIDC-IDRI-0491,val
series_449_nodule_4\slice_11.png,1,LIDC-IDRI-0491,val
series_449_nodule_4\slice_12.png,1,LIDC-IDRI-0491,val
series_449_nodule_4\slice_13.png,1,LIDC-IDRI-0491,val
series_449_nodule_4\slice_14.png,1,LIDC-IDRI-0491,val
series_449_nodule_4\slice_15.png,1,LIDC-IDRI-0491,val
series_449_nodule_4\slice_16.png,1,LIDC-IDRI-0491,val
series_449_nodule_4\slice_17.png,1,LIDC-IDRI-0491,val
series_449_nodule_4\slice_2.png,1,LIDC-IDRI-0491,val
series_449_nodule_4\slice_3.png,1,LIDC-IDRI-0491,val
series_449_nodule_4\slice_4.png,1,LIDC-IDRI-0491,val
series_449_nodule_4\slice_5.png,1,LIDC-IDRI-0491,val
series_449_nodule_4\slice_6.png,1,LIDC-IDRI-0491,val
series_449_nodule_4\slice_7.png,1,LIDC-IDRI-0491,val
series_449_nodule_4\slice_8.png,1,LIDC-IDRI-0491,val
series_449_nodule_4\slice_9.png,1,LIDC-IDRI-0491,val
series_449_nodule_5\slice_0.png,0,LIDC-IDRI-0491,val
series_449_nodule_5\slice_1.png,0,LIDC-IDRI-0491,val
series_449_nodule_5\slice_2.png,0,LIDC-IDRI-0491,val
series_449_nodule_5\slice_3.png,0,LIDC-IDRI-0491,val
series_449_nodule_5\slice_4.png,0,LIDC-IDRI-0491,val
series_449_nodule_5\slice_5.png,0,LIDC-IDRI-0491,val
series_449_nodule_5\slice_6.png,0,LIDC-IDRI-0491,val
series_449_nodule_5\slice_7.png,0,LIDC-IDRI-0491,val
series_449_nodule_5\slice_8.png,0,LIDC-IDRI-0491,val
series_450_nodule_0\slice_0.png,0,LIDC-IDRI-0492,train
series_450_nodule_0\slice_1.png,0,LIDC-IDRI-0492,train
series_450_nodule_0\slice_2.png,0,LIDC-IDRI-0492,train
series_450_nodule_0\slice_3.png,0,LIDC-IDRI-0492,train
series_450_nodule_1\slice_0.png,0,LIDC-IDRI-0492,train
series_450_nodule_1\slice_1.png,0,LIDC-IDRI-0492,train
series_450_nodule_1\slice_2.png,0,LIDC-IDRI-0492,train
series_450_nodule_2\slice_0.png,1,LIDC-IDRI-0492,train
series_450_nodule_2\slice_1.png,1,LIDC-IDRI-0492,train
series_450_nodule_2\slice_2.png,1,LIDC-IDRI-0492,train
series_450_nodule_2\slice_3.png,1,LIDC-IDRI-0492,train
series_450_nodule_3\slice_0.png,0,LIDC-IDRI-0492,train
series_450_nodule_3\slice_1.png,0,LIDC-IDRI-0492,train
series_450_nodule_3\slice_2.png,0,LIDC-IDRI-0492,train
series_451_nodule_0\slice_0.png,0,LIDC-IDRI-0493,train
series_451_nodule_0\slice_1.png,0,LIDC-IDRI-0493,train
series_451_nodule_0\slice_2.png,0,LIDC-IDRI-0493,train
series_455_nodule_0\slice_0.png,1,LIDC-IDRI-0499,train
series_455_nodule_0\slice_1.png,1,LIDC-IDRI-0499,train
series_455_nodule_1\slice_0.png,1,LIDC-IDRI-0499,train
series_455_nodule_1\slice_1.png,1,LIDC-IDRI-0499,train
series_455_nodule_2\slice_0.png,0,LIDC-IDRI-0499,train
series_455_nodule_2\slice_1.png,0,LIDC-IDRI-0499,train
series_455_nodule_3\slice_0.png,1,LIDC-IDRI-0499,train
series_456_nodule_0\slice_0.png,1,LIDC-IDRI-0500,train
series_456_nodule_0\slice_1.png,1,LIDC-IDRI-0500,train
series_456_nodule_0\slice_2.png,1,LIDC-IDRI-0500,train
series_456_nodule_0\slice_3.png,1,LIDC-IDRI-0500,train
series_458_nodule_0\slice_0.png,1,LIDC-IDRI-0503,val
series_458_nodule_0\slice_1.png,1,LIDC-IDRI-0503,val
series_458_nodule_0\slice_2.png,1,LIDC-IDRI-0503,val
series_458_nodule_0\slice_3.png,1,LIDC-IDRI-0503,val
series_459_nodule_0\slice_0.png,1,LIDC-IDRI-0504,train
series_459_nodule_0\slice_1.png,1,LIDC-IDRI-0504,train
series_459_nodule_0\slice_2.png,1,LIDC-IDRI-0504,train
series_459_nodule_0\slice_3.png,1,LIDC-IDRI-0504,train
series_459_nodule_0\slice_4.png,1,LIDC-IDRI-0504,train
series_460_nodule_0\slice_0.png,1,LIDC-IDRI-0505,val
series_460_nodule_0\slice_1.png,1,LIDC-IDRI-0505,val
series_460_nodule_0\slice_2.png,1,LIDC-IDRI-0505,val
series_460_nodule_0\slice_3.png,1,LIDC-IDRI-0505,val
series_462_nodule_0\slice_0.png,2,LIDC-IDRI-0507,train
series_462_nodule_0\slice_1.png,2,LIDC-IDRI-0507,train
series_462_nodule_0\slice_2.png,2,LIDC-IDRI-0507,train
series_462_nodule_0\slice_3.png,2,LIDC-IDRI-0507,train
series_462_nodule_0\slice_4.png,2,LIDC-IDRI-0507,train
series_462_nodule_0\slice_5.png,2,LIDC-IDRI-0507,train
series_462_nodule_0\slice_6.png,2,LIDC-IDRI-0507,train
series_462_nodule_0\slice_7.png,2,LIDC-IDRI-0507,train
series_462_nodule_0\slice_8.png,2,LIDC-IDRI-0507,train
series_462_nodule_0\slice_9.png,2,LIDC-IDRI-0507,train
series_462_nodule_1\slice_0.png,1,LIDC-IDRI-0507,train
series_462_nodule_1\slice_1.png,1,LIDC-IDRI-0507,train
series_462_nodule_1\slice_10.png,1,LIDC-IDRI-0507,train
series_462_nodule_1\slice_11.png,1,LIDC-IDRI-0507,train
series_462_nodule_1\slice_2.png,1,LIDC-IDRI-0507,train
series_462_nodule_1\slice_3.png,1,LIDC-IDRI-0507,train
series_462_nodule_1\slice_4.png,1,LIDC-IDRI-0507,train
series_462_nodule_1\slice_5.png,1,LIDC-IDRI-0507,train
series_462_nodule_1\slice_6.png,1,LIDC-IDRI-0507,train
series_462_nodule_1\slice_7.png,1,LIDC-IDRI-0507,train
series_462_nodule_1\slice_8.png,1,LIDC-IDRI-0507,train
series_462_nodule_1\slice_9.png,1,LIDC-IDRI-0507,train
series_462_nodule_2\slice_0.png,1,LIDC-IDRI-0507,train
series_462_nodule_2\slice_1.png,1,LIDC-IDRI-0507,train
series_462_nodule_2\slice_10.png,1,LIDC-IDRI-0507,train
series_462_nodule_2\slice_11.png,1,LIDC-IDRI-0507,train
series_462_nodule_2\slice_2.png,1,LIDC-IDRI-0507,train
series_462_nodule_2\slice_3.png,1,LIDC-IDRI-0507,train
series_462_nodule_2\slice_4.png,1,LIDC-IDRI-0507,train
series_462_nodule_2\slice_5.png,1,LIDC-IDRI-0507,train
series_462_nodule_2\slice_6.png,1,LIDC-IDRI-0507,train
series_462_nodule_2\slice_7.png,1,LIDC-IDRI-0507,train
series_462_nodule_2\slice_8.png,1,LIDC-IDRI-0507,train
series_462_nodule_2\slice_9.png,1,LIDC-IDRI-0507,train
series_463_nodule_0\slice_0.png,2,LIDC-IDRI-0508,test
series_463_nodule_0\slice_1.png,2,LIDC-IDRI-0508,test
series_463_nodule_0\slice_10.png,2,LIDC-IDRI-0508,test
series_463_nodule_0\slice_11.png,2,LIDC-IDRI-0508,test
series_463_nodule_0\slice_12.png,2,LIDC-IDRI-0508,test
series_463_nodule_0\slice_13.png,2,LIDC-IDRI-0508,test
series_463_nodule_0\slice_14.png,2,LIDC-IDRI-0508,test
series_463_nodule_0\slice_15.png,2,LIDC-IDRI-0508,test
series_463_nodule_0\slice_16.png,2,LIDC-IDRI-0508,test
series_463_nodule_0\slice_2.png,2,LIDC-IDRI-0508,test
series_463_nodule_0\slice_3.png,2,LIDC-IDRI-0508,test
series_463_nodule_0\slice_4.png,2,LIDC-IDRI-0508,test
series_463_nodule_0\slice_5.png,2,LIDC-IDRI-0508,test
series_463_nodule_0\slice_6.png,2,LIDC-IDRI-0508,test
series_463_nodule_0\slice_7.png,2,LIDC-IDRI-0508,test
series_463_nodule_0\slice_8.png,2,LIDC-IDRI-0508,test
series_463_nodule_0\slice_9.png,2,LIDC-IDRI-0508,test
series_464_nodule_0\slice_0.png,1,LIDC-IDRI-0509,val
series_464_nodule_0\slice_1.png,1,LIDC-IDRI-0509,val
series_464_nodule_1\slice_0.png,1,LIDC-IDRI-0509,val
series_464_nodule_2\slice_0.png,1,LIDC-IDRI-0509,val
series_464_nodule_2\slice_1.png,1,LIDC-IDRI-0509,val
series_464_nodule_2\slice_2.png,1,LIDC-IDRI-0509,val
series_464_nodule_3\slice_0.png,1,LIDC-IDRI-0509,val
series_464_nodule_3\slice_1.png,1,LIDC-IDRI-0509,val
series_465_nodule_0\slice_0.png,1,LIDC-IDRI-0510,test
series_465_nodule_0\slice_1.png,1,LIDC-IDRI-0510,test
series_465_nodule_0\slice_2.png,1,LIDC-IDRI-0510,test
series_465_nodule_0\slice_3.png,1,LIDC-IDRI-0510,test
series_465_nodule_0\slice_4.png,1,LIDC-IDRI-0510,test
series_465_nodule_0\slice_5.png,1,LIDC-IDRI-0510,test
series_465_nodule_0\slice_6.png,1,LIDC-IDRI-0510,test
series_465_nodule_0\slice_7.png,1,LIDC-IDRI-0510,test
series_465_nodule_1\slice_0.png,1,LIDC-IDRI-0510,test
series_465_nodule_1\slice_1.png,1,LIDC-IDRI-0510,test
series_465_nodule_1\slice_2.png,1,LIDC-IDRI-0510,test
series_465_nodule_1\slice_3.png,1,LIDC-IDRI-0510,test
series_465_nodule_1\slice_4.png,1,LIDC-IDRI-0510,test
series_465_nodule_1\slice_5.png,1,LIDC-IDRI-0510,test
series_465_nodule_1\slice_6.png,1,LIDC-IDRI-0510,test
series_465_nodule_1\slice_7.png,1,LIDC-IDRI-0510,test
series_465_nodule_1\slice_8.png,1,LIDC-IDRI-0510,test
series_465_nodule_2\slice_0.png,1,LIDC-IDRI-0510,test
series_465_nodule_2\slice_1.png,1,LIDC-IDRI-0510,test
series_465_nodule_2\slice_2.png,1,LIDC-IDRI-0510,test
series_465_nodule_2\slice_3.png,1,LIDC-IDRI-0510,test
series_465_nodule_2\slice_4.png,1,LIDC-IDRI-0510,test
series_470_nodule_0\slice_0.png,2,LIDC-IDRI-0515,test
series_470_nodule_0\slice_1.png,2,LIDC-IDRI-0515,test
series_470_nodule_0\slice_10.png,2,LIDC-IDRI-0515,test
series_470_nodule_0\slice_11.png,2,LIDC-IDRI-0515,test
series_470_nodule_0\slice_12.png,2,LIDC-IDRI-0515,test
series_470_nodule_0\slice_13.png,2,LIDC-IDRI-0515,test
series_470_nodule_0\slice_2.png,2,LIDC-IDRI-0515,test
series_470_nodule_0\slice_3.png,2,LIDC-IDRI-0515,test
series_470_nodule_0\slice_4.png,2,LIDC-IDRI-0515,test
series_470_nodule_0\slice_5.png,2,LIDC-IDRI-0515,test
series_470_nodule_0\slice_6.png,2,LIDC-IDRI-0515,test
series_470_nodule_0\slice_7.png,2,LIDC-IDRI-0515,test
series_470_nodule_0\slice_8.png,2,LIDC-IDRI-0515,test
series_470_nodule_0\slice_9.png,2,LIDC-IDRI-0515,test
series_473_nodule_0\slice_0.png,1,LIDC-IDRI-0518,val
series_473_nodule_0\slice_1.png,1,LIDC-IDRI-0518,val
series_473_nodule_0\slice_2.png,1,LIDC-IDRI-0518,val
series_473_nodule_1\slice_0.png,0,LIDC-IDRI-0518,val
series_473_nodule_1\slice_1.png,0,LIDC-IDRI-0518,val
series_476_nodule_0\slice_0.png,1,LIDC-IDRI-0521,train
series_476_nodule_0\slice_1.png,1,LIDC-IDRI-0521,train
series_476_nodule_0\slice_10.png,1,LIDC-IDRI-0521,train
series_476_nodule_0\slice_11.png,1,LIDC-IDRI-0521,train
series_476_nodule_0\slice_12.png,1,LIDC-IDRI-0521,train
series_476_nodule_0\slice_2.png,1,LIDC-IDRI-0521,train
series_476_nodule_0\slice_3.png,1,LIDC-IDRI-0521,train
series_476_nodule_0\slice_4.png,1,LIDC-IDRI-0521,train
series_476_nodule_0\slice_5.png,1,LIDC-IDRI-0521,train
series_476_nodule_0\slice_6.png,1,LIDC-IDRI-0521,train
series_476_nodule_0\slice_7.png,1,LIDC-IDRI-0521,train
series_476_nodule_0\slice_8.png,1,LIDC-IDRI-0521,train
series_476_nodule_0\slice_9.png,1,LIDC-IDRI-0521,train
series_478_nodule_0\slice_0.png,1,LIDC-IDRI-0525,train
series_478_nodule_0\slice_1.png,1,LIDC-IDRI-0525,train
series_478_nodule_0\slice_10.png,1,LIDC-IDRI-0525,train
series_478_nodule_0\slice_11.png,1,LIDC-IDRI-0525,train
series_478_nodule_0\slice_12.png,1,LIDC-IDRI-0525,train
series_478_nodule_0\slice_2.png,1,LIDC-IDRI-0525,train
series_478_nodule_0\slice_3.png,1,LIDC-IDRI-0525,train
series_478_nodule_0\slice_4.png,1,LIDC-IDRI-0525,train
series_478_nodule_0\slice_5.png,1,LIDC-IDRI-0525,train
series_478_nodule_0\slice_6.png,1,LIDC-IDRI-0525,train
series_478_nodule_0\slice_7.png,1,LIDC-IDRI-0525,train
series_478_nodule_0\slice_8.png,1,LIDC-IDRI-0525,train
series_478_nodule_0\slice_9.png,1,LIDC-IDRI-0525,train
series_479_nodule_0\slice_0.png,2,LIDC-IDRI-0526,train
series_479_nodule_0\slice_1.png,2,LIDC-IDRI-0526,train
series_479_nodule_0\slice_2.png,2,LIDC-IDRI-0526,train
series_479_nodule_0\slice_3.png,2,LIDC-IDRI-0526,train
series_479_nodule_0\slice_4.png,2,LIDC-IDRI-0526,train
series_479_nodule_0\slice_5.png,2,LIDC-IDRI-0526,train
series_479_nodule_0\slice_6.png,2,LIDC-IDRI-0526,train
series_479_nodule_1\slice_0.png,1,LIDC-IDRI-0526,train
series_479_nodule_1\slice_1.png,1,LIDC-IDRI-0526,train
series_479_nodule_1\slice_2.png,1,LIDC-IDRI-0526,train
series_479_nodule_1\slice_3.png,1,LIDC-IDRI-0526,train
series_479_nodule_2\slice_0.png,2,LIDC-IDRI-0526,train
series_479_nodule_2\slice_1.png,2,LIDC-IDRI-0526,train
series_479_nodule_2\slice_2.png,2,LIDC-IDRI-0526,train
series_479_nodule_2\slice_3.png,2,LIDC-IDRI-0526,train
series_479_nodule_2\slice_4.png,2,LIDC-IDRI-0526,train
series_479_nodule_2\slice_5.png,2,LIDC-IDRI-0526,train
series_480_nodule_0\slice_0.png,1,LIDC-IDRI-0527,train
series_480_nodule_0\slice_1.png,1,LIDC-IDRI-0527,train
series_480_nodule_0\slice_2.png,1,LIDC-IDRI-0527,train
series_482_nodule_0\slice_0.png,0,LIDC-IDRI-0529,val
series_482_nodule_0\slice_1.png,0,LIDC-IDRI-0529,val
series_482_nodule_0\slice_2.png,0,LIDC-IDRI-0529,val
series_482_nodule_0\slice_3.png,0,LIDC-IDRI-0529,val
series_482_nodule_0\slice_4.png,0,LIDC-IDRI-0529,val
series_482_nodule_0\slice_5.png,0,LIDC-IDRI-0529,val
series_483_nodule_0\slice_0.png,1,LIDC-IDRI-0530,val
series_483_nodule_0\slice_1.png,1,LIDC-IDRI-0530,val
series_483_nodule_0\slice_2.png,1,LIDC-IDRI-0530,val
series_483_nodule_0\slice_3.png,1,LIDC-IDRI-0530,val
series_483_nodule_0\slice_4.png,1,LIDC-IDRI-0530,val
series_483_nodule_1\slice_0.png,0,LIDC-IDRI-0530,val
series_483_nodule_1\slice_1.png,0,LIDC-IDRI-0530,val
series_483_nodule_1\slice_2.png,0,LIDC-IDRI-0530,val
series_483_nodule_1\slice_3.png,0,LIDC-IDRI-0530,val
series_483_nodule_1\slice_4.png,0,LIDC-IDRI-0530,val
series_483_nodule_1\slice_5.png,0,LIDC-IDRI-0530,val
series_483_nodule_1\slice_6.png,0,LIDC-IDRI-0530,val
series_486_nodule_0\slice_0.png,1,LIDC-IDRI-0533,train
series_486_nodule_0\slice_1.png,1,LIDC-IDRI-0533,train
series_486_nodule_0\slice_2.png,1,LIDC-IDRI-0533,train
series_486_nodule_0\slice_3.png,1,LIDC-IDRI-0533,train
series_487_nodule_0\slice_0.png,0,LIDC-IDRI-0534,train
series_487_nodule_0\slice_1.png,0,LIDC-IDRI-0534,train
series_487_nodule_0\slice_2.png,0,LIDC-IDRI-0534,train
series_488_nodule_0\slice_0.png,1,LIDC-IDRI-0535,train
series_488_nodule_0\slice_1.png,1,LIDC-IDRI-0535,train
series_488_nodule_0\slice_2.png,1,LIDC-IDRI-0535,train
series_488_nodule_0\slice_3.png,1,LIDC-IDRI-0535,train
series_488_nodule_0\slice_4.png,1,LIDC-IDRI-0535,train
series_488_nodule_0\slice_5.png,1,LIDC-IDRI-0535,train
series_488_nodule_1\slice_0.png,1,LIDC-IDRI-0535,train
series_488_nodule_1\slice_1.png,1,LIDC-IDRI-0535,train
series_488_nodule_1\slice_2.png,1,LIDC-IDRI-0535,train
series_488_nodule_1\slice_3.png,1,LIDC-IDRI-0535,train
series_488_nodule_2\slice_0.png,1,LIDC-IDRI-0535,train
series_488_nodule_2\slice_1.png,1,LIDC-IDRI-0535,train
series_488_nodule_2\slice_2.png,1,LIDC-IDRI-0535,train
series_493_nodule_0\slice_0.png,0,LIDC-IDRI-0541,train
series_493_nodule_0\slice_1.png,0,LIDC-IDRI-0541,train
series_494_nodule_0\slice_0.png,0,LIDC-IDRI-0542,train
series_494_nodule_0\slice_1.png,0,LIDC-IDRI-0542,train
series_494_nodule_0\slice_2.png,0,LIDC-IDRI-0542,train
series_494_nodule_0\slice_3.png,0,LIDC-IDRI-0542,train
series_494_nodule_0\slice_4.png,0,LIDC-IDRI-0542,train
series_494_nodule_0\slice_5.png,0,LIDC-IDRI-0542,train
series_494_nodule_0\slice_6.png,0,LIDC-IDRI-0542,train
series_495_nodule_0\slice_0.png,2,LIDC-IDRI-0543,train
series_495_nodule_0\slice_1.png,2,LIDC-IDRI-0543,train
series_495_nodule_0\slice_10.png,2,LIDC-IDRI-0543,train
series_495_nodule_0\slice_11.png,2,LIDC-IDRI-0543,train
series_495_nodule_0\slice_12.png,2,LIDC-IDRI-0543,train
series_495_nodule_0\slice_13.png,2,LIDC-IDRI-0543,train
series_495_nodule_0\slice_14.png,2,LIDC-IDRI-0543,train
series_495_nodule_0\slice_15.png,2,LIDC-IDRI-0543,train
series_495_nodule_0\slice_16.png,2,LIDC-IDRI-0543,train
series_495_nodule_0\slice_17.png,2,LIDC-IDRI-0543,train
series_495_nodule_0\slice_18.png,2,LIDC-IDRI-0543,train
series_495_nodule_0\slice_19.png,2,LIDC-IDRI-0543,train
series_495_nodule_0\slice_2.png,2,LIDC-IDRI-0543,train
series_495_nodule_0\slice_20.png,2,LIDC-IDRI-0543,train
series_495_nodule_0\slice_21.png,2,LIDC-IDRI-0543,train
series_495_nodule_0\slice_22.png,2,LIDC-IDRI-0543,train
series_495_nodule_0\slice_3.png,2,LIDC-IDRI-0543,train
series_495_nodule_0\slice_4.png,2,LIDC-IDRI-0543,train
series_495_nodule_0\slice_5.png,2,LIDC-IDRI-0543,train
series_495_nodule_0\slice_6.png,2,LIDC-IDRI-0543,train
series_495_nodule_0\slice_7.png,2,LIDC-IDRI-0543,train
series_495_nodule_0\slice_8.png,2,LIDC-IDRI-0543,train
series_495_nodule_0\slice_9.png,2,LIDC-IDRI-0543,train
series_495_nodule_1\slice_0.png,1,LIDC-IDRI-0543,train
series_495_nodule_1\slice_1.png,1,LIDC-IDRI-0543,train
series_495_nodule_1\slice_2.png,1,LIDC-IDRI-0543,train
series_495_nodule_1\slice_3.png,1,LIDC-IDRI-0543,train
series_495_nodule_1\slice_4.png,1,LIDC-IDRI-0543,train
series_495_nodule_1\slice_5.png,1,LIDC-IDRI-0543,train
series_495_nodule_1\slice_6.png,1,LIDC-IDRI-0543,train
series_495_nodule_1\slice_7.png,1,LIDC-IDRI-0543,train
series_495_nodule_1\slice_8.png,1,LIDC-IDRI-0543,train
series_495_nodule_1\slice_9.png,1,LIDC-IDRI-0543,train
series_498_nodule_0\slice_0.png,2,LIDC-IDRI-0546,train
series_498_nodule_0\slice_1.png,2,LIDC-IDRI-0546,train
series_498_nodule_0\slice_10.png,2,LIDC-IDRI-0546,train
series_498_nodule_0\slice_11.png,2,LIDC-IDRI-0546,train
series_498_nodule_0\slice_12.png,2,LIDC-IDRI-0546,train
series_498_nodule_0\slice_13.png,2,LIDC-IDRI-0546,train
series_498_nodule_0\slice_14.png,2,LIDC-IDRI-0546,train
series_498_nodule_0\slice_15.png,2,LIDC-IDRI-0546,train
series_498_nodule_0\slice_16.png,2,LIDC-IDRI-0546,train
series_498_nodule_0\slice_17.png,2,LIDC-IDRI-0546,train
series_498_nodule_0\slice_2.png,2,LIDC-IDRI-0546,train
series_498_nodule_0\slice_3.png,2,LIDC-IDRI-0546,train
series_498_nodule_0\slice_4.png,2,LIDC-IDRI-0546,train
series_498_nodule_0\slice_5.png,2,LIDC-IDRI-0546,train
series_498_nodule_0\slice_6.png,2,LIDC-IDRI-0546,train
series_498_nodule_0\slice_7.png,2,LIDC-IDRI-0546,train
series_498_nodule_0\slice_8.png,2,LIDC-IDRI-0546,train
series_498_nodule_0\slice_9.png,2,LIDC-IDRI-0546,train
series_499_nodule_0\slice_0.png,1,LIDC-IDRI-0547,test
series_499_nodule_0\slice_1.png,1,LIDC-IDRI-0547,test
series_499_nodule_0\slice_2.png,1,LIDC-IDRI-0547,test
series_499_nodule_0\slice_3.png,1,LIDC-IDRI-0547,test
series_499_nodule_0\slice_4.png,1,LIDC-IDRI-0547,test
series_499_nodule_0\slice_5.png,1,LIDC-IDRI-0547,test
series_499_nodule_0\slice_6.png,1,LIDC-IDRI-0547,test
series_499_nodule_1\slice_0.png,0,LIDC-IDRI-0547,test
series_499_nodule_1\slice_1.png,0,LIDC-IDRI-0547,test
series_499_nodule_1\slice_2.png,0,LIDC-IDRI-0547,test
series_499_nodule_1\slice_3.png,0,LIDC-IDRI-0547,test
series_499_nodule_1\slice_4.png,0,LIDC-IDRI-0547,test
series_499_nodule_1\slice_5.png,0,LIDC-IDRI-0547,test
series_501_nodule_0\slice_0.png,1,LIDC-IDRI-0549,train
series_501_nodule_0\slice_1.png,1,LIDC-IDRI-0549,train
series_501_nodule_0\slice_2.png,1,LIDC-IDRI-0549,train
series_501_nodule_0\slice_3.png,1,LIDC-IDRI-0549,train
series_501_nodule_1\slice_0.png,1,LIDC-IDRI-0549,train
series_501_nodule_1\slice_1.png,1,LIDC-IDRI-0549,train
series_501_nodule_1\slice_2.png,1,LIDC-IDRI-0549,train
series_501_nodule_1\slice_3.png,1,LIDC-IDRI-0549,train
series_501_nodule_1\slice_4.png,1,LIDC-IDRI-0549,train
series_501_nodule_1\slice_5.png,1,LIDC-IDRI-0549,train
series_501_nodule_2\slice_0.png,1,LIDC-IDRI-0549,train
series_501_nodule_2\slice_1.png,1,LIDC-IDRI-0549,train
series_501_nodule_2\slice_2.png,1,LIDC-IDRI-0549,train
series_501_nodule_2\slice_3.png,1,LIDC-IDRI-0549,train
series_501_nodule_2\slice_4.png,1,LIDC-IDRI-0549,train
series_501_nodule_3\slice_0.png,1,LIDC-IDRI-0549,train
series_501_nodule_3\slice_1.png,1,LIDC-IDRI-0549,train
series_501_nodule_3\slice_2.png,1,LIDC-IDRI-0549,train
series_501_nodule_3\slice_3.png,1,LIDC-IDRI-0549,train
series_501_nodule_4\slice_0.png,1,LIDC-IDRI-0549,train
series_501_nodule_4\slice_1.png,1,LIDC-IDRI-0549,train
series_501_nodule_4\slice_2.png,1,LIDC-IDRI-0549,train
series_501_nodule_4\slice_3.png,1,LIDC-IDRI-0549,train
series_501_nodule_5\slice_0.png,1,LIDC-IDRI-0549,train
series_501_nodule_5\slice_1.png,1,LIDC-IDRI-0549,train
series_501_nodule_5\slice_2.png,1,LIDC-IDRI-0549,train
series_501_nodule_5\slice_3.png,1,LIDC-IDRI-0549,train
series_501_nodule_5\slice_4.png,1,LIDC-IDRI-0549,train
series_501_nodule_5\slice_5.png,1,LIDC-IDRI-0549,train
series_503_nodule_0\slice_0.png,2,LIDC-IDRI-0552,val
series_503_nodule_0\slice_1.png,2,LIDC-IDRI-0552,val
series_503_nodule_0\slice_2.png,2,LIDC-IDRI-0552,val
series_505_nodule_0\slice_0.png,1,LIDC-IDRI-0554,train
series_505_nodule_0\slice_1.png,1,LIDC-IDRI-0554,train
series_505_nodule_0\slice_2.png,1,LIDC-IDRI-0554,train
series_505_nodule_0\slice_3.png,1,LIDC-IDRI-0554,train
series_506_nodule_0\slice_0.png,1,LIDC-IDRI-0555,test
series_506_nodule_0\slice_1.png,1,LIDC-IDRI-0555,test
series_506_nodule_0\slice_2.png,1,LIDC-IDRI-0555,test
series_506_nodule_0\slice_3.png,1,LIDC-IDRI-0555,test
series_507_nodule_0\slice_0.png,1,LIDC-IDRI-0556,train
series_507_nodule_0\slice_1.png,1,LIDC-IDRI-0556,train
series_507_nodule_0\slice_2.png,1,LIDC-IDRI-0556,train
series_507_nodule_0\slice_3.png,1,LIDC-IDRI-0556,train
series_507_nodule_0\slice_4.png,1,LIDC-IDRI-0556,train
series_507_nodule_0\slice_5.png,1,LIDC-IDRI-0556,train
series_507_nodule_0\slice_6.png,1,LIDC-IDRI-0556,train
series_507_nodule_0\slice_7.png,1,LIDC-IDRI-0556,train
series_507_nodule_0\slice_8.png,1,LIDC-IDRI-0556,train
series_508_nodule_0\slice_0.png,1,LIDC-IDRI-0557,val
series_508_nodule_0\slice_1.png,1,LIDC-IDRI-0557,val
series_508_nodule_0\slice_2.png,1,LIDC-IDRI-0557,val
series_508_nodule_0\slice_3.png,1,LIDC-IDRI-0557,val
series_508_nodule_0\slice_4.png,1,LIDC-IDRI-0557,val
series_508_nodule_0\slice_5.png,1,LIDC-IDRI-0557,val
series_508_nodule_0\slice_6.png,1,LIDC-IDRI-0557,val
series_508_nodule_0\slice_7.png,1,LIDC-IDRI-0557,val
series_510_nodule_0\slice_0.png,0,LIDC-IDRI-0559,train
series_510_nodule_0\slice_1.png,0,LIDC-IDRI-0559,train
series_510_nodule_1\slice_0.png,0,LIDC-IDRI-0559,train
series_510_nodule_1\slice_1.png,0,LIDC-IDRI-0559,train
series_513_nodule_0\slice_0.png,1,LIDC-IDRI-0562,train
series_513_nodule_0\slice_1.png,1,LIDC-IDRI-0562,train
series_513_nodule_0\slice_10.png,1,LIDC-IDRI-0562,train
series_513_nodule_0\slice_11.png,1,LIDC-IDRI-0562,train
series_513_nodule_0\slice_12.png,1,LIDC-IDRI-0562,train
series_513_nodule_0\slice_13.png,1,LIDC-IDRI-0562,train
series_513_nodule_0\slice_14.png,1,LIDC-IDRI-0562,train
series_513_nodule_0\slice_15.png,1,LIDC-IDRI-0562,train
series_513_nodule_0\slice_2.png,1,LIDC-IDRI-0562,train
series_513_nodule_0\slice_3.png,1,LIDC-IDRI-0562,train
series_513_nodule_0\slice_4.png,1,LIDC-IDRI-0562,train
series_513_nodule_0\slice_5.png,1,LIDC-IDRI-0562,train
series_513_nodule_0\slice_6.png,1,LIDC-IDRI-0562,train
series_513_nodule_0\slice_7.png,1,LIDC-IDRI-0562,train
series_513_nodule_0\slice_8.png,1,LIDC-IDRI-0562,train
series_513_nodule_0\slice_9.png,1,LIDC-IDRI-0562,train
series_513_nodule_1\slice_0.png,1,LIDC-IDRI-0562,train
series_513_nodule_1\slice_1.png,1,LIDC-IDRI-0562,train
series_513_nodule_1\slice_2.png,1,LIDC-IDRI-0562,train
series_513_nodule_1\slice_3.png,1,LIDC-IDRI-0562,train
series_513_nodule_1\slice_4.png,1,LIDC-IDRI-0562,train
series_516_nodule_0\slice_0.png,1,LIDC-IDRI-0565,test
series_516_nodule_0\slice_1.png,1,LIDC-IDRI-0565,test
series_516_nodule_0\slice_2.png,1,LIDC-IDRI-0565,test
series_516_nodule_1\slice_0.png,1,LIDC-IDRI-0565,test
series_516_nodule_1\slice_1.png,1,LIDC-IDRI-0565,test
series_516_nodule_1\slice_2.png,1,LIDC-IDRI-0565,test
series_516_nodule_2\slice_0.png,2,LIDC-IDRI-0565,test
series_516_nodule_2\slice_1.png,2,LIDC-IDRI-0565,test
series_516_nodule_2\slice_2.png,2,LIDC-IDRI-0565,test
series_516_nodule_2\slice_3.png,2,LIDC-IDRI-0565,test
series_516_nodule_2\slice_4.png,2,LIDC-IDRI-0565,test
series_516_nodule_2\slice_5.png,2,LIDC-IDRI-0565,test
series_516_nodule_2\slice_6.png,2,LIDC-IDRI-0565,test
series_516_nodule_2\slice_7.png,2,LIDC-IDRI-0565,test
series_516_nodule_2\slice_8.png,2,LIDC-IDRI-0565,test
series_516_nodule_3\slice_0.png,0,LIDC-IDRI-0565,test
series_516_nodule_3\slice_1.png,0,LIDC-IDRI-0565,test
series_516_nodule_4\slice_0.png,0,LIDC-IDRI-0565,test
series_516_nodule_4\slice_1.png,0,LIDC-IDRI-0565,test
series_516_nodule_4\slice_2.png,0,LIDC-IDRI-0565,test
series_516_nodule_4\slice_3.png,0,LIDC-IDRI-0565,test
series_516_nodule_5\slice_0.png,0,LIDC-IDRI-0565,test
series_516_nodule_5\slice_1.png,0,LIDC-IDRI-0565,test
series_516_nodule_5\slice_2.png,0,LIDC-IDRI-0565,test
series_517_nodule_0\slice_0.png,0,LIDC-IDRI-0567,train
series_517_nodule_0\slice_1.png,0,LIDC-IDRI-0567,train
series_517_nodule_0\slice_2.png,0,LIDC-IDRI-0567,train
series_518_nodule_0\slice_0.png,0,LIDC-IDRI-0568,val
series_518_nodule_0\slice_1.png,0,LIDC-IDRI-0568,val
series_518_nodule_0\slice_2.png,0,LIDC-IDRI-0568,val
series_518_nodule_0\slice_3.png,0,LIDC-IDRI-0568,val
series_518_nodule_1\slice_0.png,1,LIDC-IDRI-0568,val
series_518_nodule_1\slice_1.png,1,LIDC-IDRI-0568,val
series_518_nodule_1\slice_2.png,1,LIDC-IDRI-0568,val
series_518_nodule_1\slice_3.png,1,LIDC-IDRI-0568,val
series_518_nodule_2\slice_0.png,0,LIDC-IDRI-0568,val
series_518_nodule_2\slice_1.png,0,LIDC-IDRI-0568,val
series_518_nodule_2\slice_2.png,0,LIDC-IDRI-0568,val
series_518_nodule_2\slice_3.png,0,LIDC-IDRI-0568,val
series_518_nodule_2\slice_4.png,0,LIDC-IDRI-0568,val
series_519_nodule_0\slice_0.png,1,LIDC-IDRI-0569,val
series_519_nodule_0\slice_1.png,1,LIDC-IDRI-0569,val
series_519_nodule_1\slice_0.png,0,LIDC-IDRI-0569,val
series_519_nodule_1\slice_1.png,0,LIDC-IDRI-0569,val
series_519_nodule_1\slice_2.png,0,LIDC-IDRI-0569,val
series_519_nodule_2\slice_0.png,1,LIDC-IDRI-0569,val
series_519_nodule_2\slice_1.png,1,LIDC-IDRI-0569,val
series_519_nodule_2\slice_2.png,1,LIDC-IDRI-0569,val
series_519_nodule_3\slice_0.png,0,LIDC-IDRI-0569,val
series_519_nodule_3\slice_1.png,0,LIDC-IDRI-0569,val
series_522_nodule_0\slice_0.png,0,LIDC-IDRI-0572,test
series_522_nodule_0\slice_1.png,0,LIDC-IDRI-0572,test
series_522_nodule_0\slice_10.png,0,LIDC-IDRI-0572,test
series_522_nodule_0\slice_11.png,0,LIDC-IDRI-0572,test
series_522_nodule_0\slice_2.png,0,LIDC-IDRI-0572,test
series_522_nodule_0\slice_3.png,0,LIDC-IDRI-0572,test
series_522_nodule_0\slice_4.png,0,LIDC-IDRI-0572,test
series_522_nodule_0\slice_5.png,0,LIDC-IDRI-0572,test
series_522_nodule_0\slice_6.png,0,LIDC-IDRI-0572,test
series_522_nodule_0\slice_7.png,0,LIDC-IDRI-0572,test
series_522_nodule_0\slice_8.png,0,LIDC-IDRI-0572,test
series_522_nodule_0\slice_9.png,0,LIDC-IDRI-0572,test
series_526_nodule_0\slice_0.png,1,LIDC-IDRI-0576,train
series_526_nodule_0\slice_1.png,1,LIDC-IDRI-0576,train
series_526_nodule_0\slice_10.png,1,LIDC-IDRI-0576,train
series_526_nodule_0\slice_11.png,1,LIDC-IDRI-0576,train
series_526_nodule_0\slice_2.png,1,LIDC-IDRI-0576,train
series_526_nodule_0\slice_3.png,1,LIDC-IDRI-0576,train
series_526_nodule_0\slice_4.png,1,LIDC-IDRI-0576,train
series_526_nodule_0\slice_5.png,1,LIDC-IDRI-0576,train
series_526_nodule_0\slice_6.png,1,LIDC-IDRI-0576,train
series_526_nodule_0\slice_7.png,1,LIDC-IDRI-0576,train
series_526_nodule_0\slice_8.png,1,LIDC-IDRI-0576,train
series_526_nodule_0\slice_9.png,1,LIDC-IDRI-0576,train
series_526_nodule_1\slice_0.png,1,LIDC-IDRI-0576,train
series_526_nodule_1\slice_1.png,1,LIDC-IDRI-0576,train
series_526_nodule_1\slice_2.png,1,LIDC-IDRI-0576,train
series_526_nodule_1\slice_3.png,1,LIDC-IDRI-0576,train
series_526_nodule_2\slice_0.png,2,LIDC-IDRI-0576,train
series_526_nodule_2\slice_1.png,2,LIDC-IDRI-0576,train
series_526_nodule_2\slice_10.png,2,LIDC-IDRI-0576,train
series_526_nodule_2\slice_11.png,2,LIDC-IDRI-0576,train
series_526_nodule_2\slice_2.png,2,LIDC-IDRI-0576,train
series_526_nodule_2\slice_3.png,2,LIDC-IDRI-0576,train
series_526_nodule_2\slice_4.png,2,LIDC-IDRI-0576,train
series_526_nodule_2\slice_5.png,2,LIDC-IDRI-0576,train
series_526_nodule_2\slice_6.png,2,LIDC-IDRI-0576,train
series_526_nodule_2\slice_7.png,2,LIDC-IDRI-0576,train
series_526_nodule_2\slice_8.png,2,LIDC-IDRI-0576,train
series_526_nodule_2\slice_9.png,2,LIDC-IDRI-0576,train
series_526_nodule_3\slice_0.png,0,LIDC-IDRI-0576,train
series_526_nodule_3\slice_1.png,0,LIDC-IDRI-0576,train
series_526_nodule_3\slice_2.png,0,LIDC-IDRI-0576,train
series_527_nodule_0\slice_0.png,0,LIDC-IDRI-0577,train
series_527_nodule_0\slice_1.png,0,LIDC-IDRI-0577,train
series_527_nodule_0\slice_2.png,0,LIDC-IDRI-0577,train
series_527_nodule_1\slice_0.png,1,LIDC-IDRI-0577,train
series_527_nodule_1\slice_1.png,1,LIDC-IDRI-0577,train
series_528_nodule_0\slice_0.png,1,LIDC-IDRI-0578,val
series_528_nodule_0\slice_1.png,1,LIDC-IDRI-0578,val
series_529_nodule_0\slice_0.png,1,LIDC-IDRI-0579,val
series_529_nodule_0\slice_1.png,1,LIDC-IDRI-0579,val
series_529_nodule_0\slice_2.png,1,LIDC-IDRI-0579,val
series_529_nodule_0\slice_3.png,1,LIDC-IDRI-0579,val
series_529_nodule_0\slice_4.png,1,LIDC-IDRI-0579,val
series_529_nodule_0\slice_5.png,1,LIDC-IDRI-0579,val
series_529_nodule_0\slice_6.png,1,LIDC-IDRI-0579,val
series_530_nodule_0\slice_0.png,1,LIDC-IDRI-0580,val
series_530_nodule_0\slice_1.png,1,LIDC-IDRI-0580,val
series_530_nodule_0\slice_2.png,1,LIDC-IDRI-0580,val
series_530_nodule_0\slice_3.png,1,LIDC-IDRI-0580,val
series_530_nodule_0\slice_4.png,1,LIDC-IDRI-0580,val
series_532_nodule_0\slice_0.png,0,LIDC-IDRI-0582,val
series_532_nodule_0\slice_1.png,0,LIDC-IDRI-0582,val
series_532_nodule_0\slice_2.png,0,LIDC-IDRI-0582,val
series_532_nodule_0\slice_3.png,0,LIDC-IDRI-0582,val
series_532_nodule_0\slice_4.png,0,LIDC-IDRI-0582,val
series_532_nodule_0\slice_5.png,0,LIDC-IDRI-0582,val
series_532_nodule_1\slice_0.png,1,LIDC-IDRI-0582,val
series_532_nodule_1\slice_1.png,1,LIDC-IDRI-0582,val
series_532_nodule_1\slice_2.png,1,LIDC-IDRI-0582,val
series_532_nodule_1\slice_3.png,1,LIDC-IDRI-0582,val
series_532_nodule_1\slice_4.png,1,LIDC-IDRI-0582,val
series_532_nodule_1\slice_5.png,1,LIDC-IDRI-0582,val
series_532_nodule_1\slice_6.png,1,LIDC-IDRI-0582,val
series_532_nodule_2\slice_0.png,1,LIDC-IDRI-0582,val
series_532_nodule_2\slice_1.png,1,LIDC-IDRI-0582,val
series_532_nodule_2\slice_2.png,1,LIDC-IDRI-0582,val
series_532_nodule_3\slice_0.png,1,LIDC-IDRI-0582,val
series_532_nodule_3\slice_1.png,1,LIDC-IDRI-0582,val
series_532_nodule_3\slice_2.png,1,LIDC-IDRI-0582,val
series_532_nodule_3\slice_3.png,1,LIDC-IDRI-0582,val
series_532_nodule_4\slice_0.png,1,LIDC-IDRI-0582,val
series_532_nodule_4\slice_1.png,1,LIDC-IDRI-0582,val
series_532_nodule_4\slice_2.png,1,LIDC-IDRI-0582,val
series_532_nodule_4\slice_3.png,1,LIDC-IDRI-0582,val
series_532_nodule_4\slice_4.png,1,LIDC-IDRI-0582,val
series_532_nodule_4\slice_5.png,1,LIDC-IDRI-0582,val
series_532_nodule_5\slice_0.png,0,LIDC-IDRI-0582,val
series_532_nodule_5\slice_1.png,0,LIDC-IDRI-0582,val
series_533_nodule_0\slice_0.png,0,LIDC-IDRI-0583,train
series_533_nodule_0\slice_1.png,0,LIDC-IDRI-0583,train
series_533_nodule_0\slice_2.png,0,LIDC-IDRI-0583,train
series_533_nodule_0\slice_3.png,0,LIDC-IDRI-0583,train
series_533_nodule_0\slice_4.png,0,LIDC-IDRI-0583,train
series_533_nodule_0\slice_5.png,0,LIDC-IDRI-0583,train
series_533_nodule_1\slice_0.png,1,LIDC-IDRI-0583,train
series_533_nodule_1\slice_1.png,1,LIDC-IDRI-0583,train
series_533_nodule_1\slice_2.png,1,LIDC-IDRI-0583,train
series_533_nodule_1\slice_3.png,1,LIDC-IDRI-0583,train
series_533_nodule_1\slice_4.png,1,LIDC-IDRI-0583,train
series_533_nodule_1\slice_5.png,1,LIDC-IDRI-0583,train
series_533_nodule_2\slice_0.png,1,LIDC-IDRI-0583,train
series_533_nodule_2\slice_1.png,1,LIDC-IDRI-0583,train
series_533_nodule_2\slice_2.png,1,LIDC-IDRI-0583,train
series_533_nodule_2\slice_3.png,1,LIDC-IDRI-0583,train
series_533_nodule_2\slice_4.png,1,LIDC-IDRI-0583,train
series_533_nodule_2\slice_5.png,1,LIDC-IDRI-0583,train
series_533_nodule_3\slice_0.png,1,LIDC-IDRI-0583,train
series_533_nodule_3\slice_1.png,1,LIDC-IDRI-0583,train
series_533_nodule_3\slice_2.png,1,LIDC-IDRI-0583,train
series_533_nodule_3\slice_3.png,1,LIDC-IDRI-0583,train
series_533_nodule_4\slice_0.png,0,LIDC-IDRI-0583,train
series_533_nodule_4\slice_1.png,0,LIDC-IDRI-0583,train
series_533_nodule_4\slice_2.png,0,LIDC-IDRI-0583,train
series_533_nodule_5\slice_0.png,1,LIDC-IDRI-0583,train
series_533_nodule_5\slice_1.png,1,LIDC-IDRI-0583,train
series_533_nodule_5\slice_2.png,1,LIDC-IDRI-0583,train
series_533_nodule_6\slice_0.png,1,LIDC-IDRI-0583,train
series_533_nodule_6\slice_1.png,1,LIDC-IDRI-0583,train
series_533_nodule_6\slice_2.png,1,LIDC-IDRI-0583,train
series_533_nodule_6\slice_3.png,1,LIDC-IDRI-0583,train
series_533_nodule_6\slice_4.png,1,LIDC-IDRI-0583,train
series_533_nodule_7\slice_0.png,1,LIDC-IDRI-0583,train
series_533_nodule_7\slice_1.png,1,LIDC-IDRI-0583,train
series_533_nodule_7\slice_2.png,1,LIDC-IDRI-0583,train
series_533_nodule_7\slice_3.png,1,LIDC-IDRI-0583,train
series_533_nodule_7\slice_4.png,1,LIDC-IDRI-0583,train
series_533_nodule_8\slice_0.png,1,LIDC-IDRI-0583,train
series_533_nodule_8\slice_1.png,1,LIDC-IDRI-0583,train
series_533_nodule_8\slice_2.png,1,LIDC-IDRI-0583,train
series_533_nodule_8\slice_3.png,1,LIDC-IDRI-0583,train
series_533_nodule_9\slice_0.png,1,LIDC-IDRI-0583,train
series_533_nodule_9\slice_1.png,1,LIDC-IDRI-0583,train
series_533_nodule_9\slice_2.png,1,LIDC-IDRI-0583,train
series_533_nodule_9\slice_3.png,1,LIDC-IDRI-0583,train
series_535_nodule_0\slice_0.png,1,LIDC-IDRI-0586,test
series_535_nodule_0\slice_1.png,1,LIDC-IDRI-0586,test
series_535_nodule_1\slice_0.png,1,LIDC-IDRI-0586,test
series_535_nodule_1\slice_1.png,1,LIDC-IDRI-0586,test
series_536_nodule_0\slice_0.png,1,LIDC-IDRI-0587,train
series_536_nodule_0\slice_1.png,1,LIDC-IDRI-0587,train
series_536_nodule_0\slice_2.png,1,LIDC-IDRI-0587,train
series_536_nodule_0\slice_3.png,1,LIDC-IDRI-0587,train
series_536_nodule_0\slice_4.png,1,LIDC-IDRI-0587,train
series_539_nodule_0\slice_0.png,2,LIDC-IDRI-0590,train
series_539_nodule_0\slice_1.png,2,LIDC-IDRI-0590,train
series_539_nodule_0\slice_2.png,2,LIDC-IDRI-0590,train
series_539_nodule_0\slice_3.png,2,LIDC-IDRI-0590,train
series_539_nodule_0\slice_4.png,2,LIDC-IDRI-0590,train
series_539_nodule_0\slice_5.png,2,LIDC-IDRI-0590,train
series_539_nodule_0\slice_6.png,2,LIDC-IDRI-0590,train
series_539_nodule_0\slice_7.png,2,LIDC-IDRI-0590,train
series_539_nodule_0\slice_8.png,2,LIDC-IDRI-0590,train
series_539_nodule_0\slice_9.png,2,LIDC-IDRI-0590,train
series_540_nodule_0\slice_0.png,1,LIDC-IDRI-0591,train
series_540_nodule_0\slice_1.png,1,LIDC-IDRI-0591,train
series_540_nodule_0\slice_2.png,1,LIDC-IDRI-0591,train
series_541_nodule_0\slice_0.png,1,LIDC-IDRI-0592,train
series_541_nodule_0\slice_1.png,1,LIDC-IDRI-0592,train
series_541_nodule_0\slice_2.png,1,LIDC-IDRI-0592,train
series_541_nodule_0\slice_3.png,1,LIDC-IDRI-0592,train
series_544_nodule_0\slice_0.png,1,LIDC-IDRI-0595,val
series_544_nodule_0\slice_1.png,1,LIDC-IDRI-0595,val
series_544_nodule_0\slice_2.png,1,LIDC-IDRI-0595,val
series_544_nodule_0\slice_3.png,1,LIDC-IDRI-0595,val
series_544_nodule_0\slice_4.png,1,LIDC-IDRI-0595,val
series_544_nodule_0\slice_5.png,1,LIDC-IDRI-0595,val
series_544_nodule_0\slice_6.png,1,LIDC-IDRI-0595,val
series_544_nodule_0\slice_7.png,1,LIDC-IDRI-0595,val
series_545_nodule_0\slice_0.png,1,LIDC-IDRI-0596,train
series_545_nodule_0\slice_1.png,1,LIDC-IDRI-0596,train
series_545_nodule_0\slice_2.png,1,LIDC-IDRI-0596,train
series_545_nodule_0\slice_3.png,1,LIDC-IDRI-0596,train
series_545_nodule_0\slice_4.png,1,LIDC-IDRI-0596,train
series_545_nodule_0\slice_5.png,1,LIDC-IDRI-0596,train
series_545_nodule_1\slice_0.png,1,LIDC-IDRI-0596,train
series_545_nodule_1\slice_1.png,1,LIDC-IDRI-0596,train
series_545_nodule_1\slice_2.png,1,LIDC-IDRI-0596,train
series_545_nodule_1\slice_3.png,1,LIDC-IDRI-0596,train
series_545_nodule_1\slice_4.png,1,LIDC-IDRI-0596,train
series_546_nodule_0\slice_0.png,1,LIDC-IDRI-0597,train
series_546_nodule_0\slice_1.png,1,LIDC-IDRI-0597,train
series_546_nodule_0\slice_2.png,1,LIDC-IDRI-0597,train
series_546_nodule_0\slice_3.png,1,LIDC-IDRI-0597,train
series_547_nodule_0\slice_0.png,1,LIDC-IDRI-0598,train
series_547_nodule_0\slice_1.png,1,LIDC-IDRI-0598,train
series_547_nodule_0\slice_2.png,1,LIDC-IDRI-0598,train
